Copyright 1986-2022 Xilinx, Inc. All Rights Reserved. Copyright 2022-2024 Advanced Micro Devices, Inc. All Rights Reserved.
---------------------------------------------------------------------------------------------------------------------------------------------------------------------------------------------------------------------
| Tool Version : Vivado v.2024.2 (win64) Build 5239630 Fri Nov 08 22:35:27 MST 2024
| Date         : Wed Oct 29 01:44:15 2025
| Host         : Lemus running 64-bit major release  (build 9200)
| Command      : report_timing_summary -max_paths 10 -report_unconstrained -file VivePass_timing_summary_routed.rpt -pb VivePass_timing_summary_routed.pb -rpx VivePass_timing_summary_routed.rpx -warn_on_violation
| Design       : VivePass
| Device       : 7a35t-cpg236
| Speed File   : -1  PRODUCTION 1.23 2018-06-13
| Design State : Routed
---------------------------------------------------------------------------------------------------------------------------------------------------------------------------------------------------------------------

Timing Summary Report

------------------------------------------------------------------------------------------------
| Timer Settings
| --------------
------------------------------------------------------------------------------------------------

  Enable Multi Corner Analysis               :  Yes
  Enable Pessimism Removal                   :  Yes
  Pessimism Removal Resolution               :  Nearest Common Node
  Enable Input Delay Default Clock           :  No
  Enable Preset / Clear Arcs                 :  No
  Disable Flight Delays                      :  No
  Ignore I/O Paths                           :  No
  Timing Early Launch at Borrowing Latches   :  No
  Borrow Time for Max Delay Exceptions       :  Yes
  Merge Timing Exceptions                    :  Yes
  Inter-SLR Compensation                     :  Conservative

  Corner  Analyze    Analyze    
  Name    Max Paths  Min Paths  
  ------  ---------  ---------  
  Slow    Yes        Yes        
  Fast    Yes        Yes        


------------------------------------------------------------------------------------------------
| Report Methodology
| ------------------
------------------------------------------------------------------------------------------------

Rule       Severity          Description                    Violations  
---------  ----------------  -----------------------------  ----------  
TIMING-17  Critical Warning  Non-clocked sequential cell    5           
TIMING-18  Warning           Missing input or output delay  13          

Note: This report is based on the most recent report_methodology run and may not be up-to-date. Run report_methodology on the current design for the latest report.



check_timing report

Table of Contents
-----------------
1. checking no_clock (5)
2. checking constant_clock (0)
3. checking pulse_width_clock (0)
4. checking unconstrained_internal_endpoints (10)
5. checking no_input_delay (4)
6. checking no_output_delay (12)
7. checking multiple_clock (0)
8. checking generated_clocks (0)
9. checking loops (0)
10. checking partial_input_delay (0)
11. checking partial_output_delay (0)
12. checking latch_loops (0)

1. checking no_clock (5)
------------------------
 There are 5 register/latch pins with no clock driven by root clock pin: clk_scl/myreg_reg[28]/Q (HIGH)


2. checking constant_clock (0)
------------------------------
 There are 0 register/latch pins with constant_clock.


3. checking pulse_width_clock (0)
---------------------------------
 There are 0 register/latch pins which need pulse_width check


4. checking unconstrained_internal_endpoints (10)
-------------------------------------------------
 There are 10 pins that are not constrained for maximum delay. (HIGH)

 There are 0 pins that are not constrained for maximum delay due to constant clock.


5. checking no_input_delay (4)
------------------------------
 There are 4 input ports with no input delay specified. (HIGH)

 There are 0 input ports with no input delay but user has a false path constraint.


6. checking no_output_delay (12)
--------------------------------
 There are 12 ports with no output delay specified. (HIGH)

 There are 0 ports with no output delay but user has a false path constraint

 There are 0 ports with no output delay but with a timing clock defined on it or propagating through it


7. checking multiple_clock (0)
------------------------------
 There are 0 register/latch pins with multiple clocks.


8. checking generated_clocks (0)
--------------------------------
 There are 0 generated clocks that are not connected to a clock source.


9. checking loops (0)
---------------------
 There are 0 combinational loops in the design.


10. checking partial_input_delay (0)
------------------------------------
 There are 0 input ports with partial input delay specified.


11. checking partial_output_delay (0)
-------------------------------------
 There are 0 ports with partial output delay specified.


12. checking latch_loops (0)
----------------------------
 There are 0 combinational latch loops in the design through latch input



------------------------------------------------------------------------------------------------
| Design Timing Summary
| ---------------------
------------------------------------------------------------------------------------------------

    WNS(ns)      TNS(ns)  TNS Failing Endpoints  TNS Total Endpoints      WHS(ns)      THS(ns)  THS Failing Endpoints  THS Total Endpoints     WPWS(ns)     TPWS(ns)  TPWS Failing Endpoints  TPWS Total Endpoints  
    -------      -------  ---------------------  -------------------      -------      -------  ---------------------  -------------------     --------     --------  ----------------------  --------------------  
      5.607        0.000                      0                  136        0.171        0.000                      0                  136        4.500        0.000                       0                    99  


All user specified timing constraints are met.


------------------------------------------------------------------------------------------------
| Clock Summary
| -------------
------------------------------------------------------------------------------------------------

Clock        Waveform(ns)       Period(ns)      Frequency(MHz)
-----        ------------       ----------      --------------
sys_clk_pin  {0.000 5.000}      10.000          100.000         


------------------------------------------------------------------------------------------------
| Intra Clock Table
| -----------------
------------------------------------------------------------------------------------------------

Clock             WNS(ns)      TNS(ns)  TNS Failing Endpoints  TNS Total Endpoints      WHS(ns)      THS(ns)  THS Failing Endpoints  THS Total Endpoints     WPWS(ns)     TPWS(ns)  TPWS Failing Endpoints  TPWS Total Endpoints  
-----             -------      -------  ---------------------  -------------------      -------      -------  ---------------------  -------------------     --------     --------  ----------------------  --------------------  
sys_clk_pin         5.607        0.000                      0                  136        0.171        0.000                      0                  136        4.500        0.000                       0                    99  


------------------------------------------------------------------------------------------------
| Inter Clock Table
| -----------------
------------------------------------------------------------------------------------------------

From Clock    To Clock          WNS(ns)      TNS(ns)  TNS Failing Endpoints  TNS Total Endpoints      WHS(ns)      THS(ns)  THS Failing Endpoints  THS Total Endpoints  
----------    --------          -------      -------  ---------------------  -------------------      -------      -------  ---------------------  -------------------  


------------------------------------------------------------------------------------------------
| Other Path Groups Table
| -----------------------
------------------------------------------------------------------------------------------------

Path Group    From Clock    To Clock          WNS(ns)      TNS(ns)  TNS Failing Endpoints  TNS Total Endpoints      WHS(ns)      THS(ns)  THS Failing Endpoints  THS Total Endpoints  
----------    ----------    --------          -------      -------  ---------------------  -------------------      -------      -------  ---------------------  -------------------  


------------------------------------------------------------------------------------------------
| User Ignored Path Table
| -----------------------
------------------------------------------------------------------------------------------------

Path Group    From Clock    To Clock    
----------    ----------    --------    


------------------------------------------------------------------------------------------------
| Unconstrained Path Table
| ------------------------
------------------------------------------------------------------------------------------------

Path Group    From Clock    To Clock    
----------    ----------    --------    
(none)                                    
(none)        sys_clk_pin                 
(none)                      sys_clk_pin   


------------------------------------------------------------------------------------------------
| Timing Details
| --------------
------------------------------------------------------------------------------------------------


---------------------------------------------------------------------------------------------------
From Clock:  sys_clk_pin
  To Clock:  sys_clk_pin

Setup :            0  Failing Endpoints,  Worst Slack        5.607ns,  Total Violation        0.000ns
Hold  :            0  Failing Endpoints,  Worst Slack        0.171ns,  Total Violation        0.000ns
PW    :            0  Failing Endpoints,  Worst Slack        4.500ns,  Total Violation        0.000ns
---------------------------------------------------------------------------------------------------


Max Delay Paths
--------------------------------------------------------------------------------------
Slack (MET) :             5.607ns  (required time - arrival time)
  Source:                 moore/reloj_local/contador_reg[12]/C
                            (rising edge-triggered cell FDCE clocked by sys_clk_pin  {rise@0.000ns fall@5.000ns period=10.000ns})
  Destination:            moore/reloj_local/segundos_reg[2]/CE
                            (rising edge-triggered cell FDCE clocked by sys_clk_pin  {rise@0.000ns fall@5.000ns period=10.000ns})
  Path Group:             sys_clk_pin
  Path Type:              Setup (Max at Slow Process Corner)
  Requirement:            10.000ns  (sys_clk_pin rise@10.000ns - sys_clk_pin rise@0.000ns)
  Data Path Delay:        4.082ns  (logic 0.966ns (23.666%)  route 3.116ns (76.333%))
  Logic Levels:           3  (LUT2=1 LUT4=1 LUT6=1)
  Clock Path Skew:        -0.107ns (DCD - SCD + CPR)
    Destination Clock Delay (DCD):    4.779ns = ( 14.779 - 10.000 ) 
    Source Clock Delay      (SCD):    5.146ns
    Clock Pessimism Removal (CPR):    0.260ns
  Clock Uncertainty:      0.035ns  ((TSJ^2 + TIJ^2)^1/2 + DJ) / 2 + PE
    Total System Jitter     (TSJ):    0.071ns
    Total Input Jitter      (TIJ):    0.000ns
    Discrete Jitter          (DJ):    0.000ns
    Phase Error              (PE):    0.000ns

    Location             Delay type                Incr(ns)  Path(ns)    Netlist Resource(s)
  -------------------------------------------------------------------    -------------------
                         (clock sys_clk_pin rise edge)
                                                      0.000     0.000 r  
    W5                                                0.000     0.000 r  clk (IN)
                         net (fo=0)                   0.000     0.000    clk
    W5                   IBUF (Prop_ibuf_I_O)         1.458     1.458 r  clk_IBUF_inst/O
                         net (fo=1, routed)           1.967     3.425    clk_IBUF
    BUFGCTRL_X0Y0        BUFG (Prop_bufg_I_O)         0.096     3.521 r  clk_IBUF_BUFG_inst/O
                         net (fo=98, routed)          1.625     5.146    moore/reloj_local/clk_IBUF_BUFG
    SLICE_X59Y19         FDCE                                         r  moore/reloj_local/contador_reg[12]/C
  -------------------------------------------------------------------    -------------------
    SLICE_X59Y19         FDCE (Prop_fdce_C_Q)         0.419     5.565 f  moore/reloj_local/contador_reg[12]/Q
                         net (fo=2, routed)           0.817     6.382    moore/reloj_local/contador[12]
    SLICE_X59Y21         LUT4 (Prop_lut4_I0_O)        0.299     6.681 f  moore/reloj_local/contador[25]_i_4/O
                         net (fo=1, routed)           0.809     7.490    moore/reloj_local/contador[25]_i_4_n_0
    SLICE_X59Y19         LUT6 (Prop_lut6_I0_O)        0.124     7.614 r  moore/reloj_local/contador[25]_i_3/O
                         net (fo=26, routed)          0.910     8.524    moore/reloj_local/contador[25]_i_3_n_0
    SLICE_X55Y22         LUT2 (Prop_lut2_I1_O)        0.124     8.648 r  moore/reloj_local/segundos[5]_i_1/O
                         net (fo=6, routed)           0.580     9.228    moore/reloj_local/segundos[5]_i_1_n_0
    SLICE_X54Y22         FDCE                                         r  moore/reloj_local/segundos_reg[2]/CE
  -------------------------------------------------------------------    -------------------

                         (clock sys_clk_pin rise edge)
                                                     10.000    10.000 r  
    W5                                                0.000    10.000 r  clk (IN)
                         net (fo=0)                   0.000    10.000    clk
    W5                   IBUF (Prop_ibuf_I_O)         1.388    11.388 r  clk_IBUF_inst/O
                         net (fo=1, routed)           1.862    13.250    clk_IBUF
    BUFGCTRL_X0Y0        BUFG (Prop_bufg_I_O)         0.091    13.341 r  clk_IBUF_BUFG_inst/O
                         net (fo=98, routed)          1.438    14.779    moore/reloj_local/clk_IBUF_BUFG
    SLICE_X54Y22         FDCE                                         r  moore/reloj_local/segundos_reg[2]/C
                         clock pessimism              0.260    15.039    
                         clock uncertainty           -0.035    15.004    
    SLICE_X54Y22         FDCE (Setup_fdce_C_CE)      -0.169    14.835    moore/reloj_local/segundos_reg[2]
  -------------------------------------------------------------------
                         required time                         14.835    
                         arrival time                          -9.228    
  -------------------------------------------------------------------
                         slack                                  5.607    

Slack (MET) :             5.607ns  (required time - arrival time)
  Source:                 moore/reloj_local/contador_reg[12]/C
                            (rising edge-triggered cell FDCE clocked by sys_clk_pin  {rise@0.000ns fall@5.000ns period=10.000ns})
  Destination:            moore/reloj_local/segundos_reg[3]/CE
                            (rising edge-triggered cell FDCE clocked by sys_clk_pin  {rise@0.000ns fall@5.000ns period=10.000ns})
  Path Group:             sys_clk_pin
  Path Type:              Setup (Max at Slow Process Corner)
  Requirement:            10.000ns  (sys_clk_pin rise@10.000ns - sys_clk_pin rise@0.000ns)
  Data Path Delay:        4.082ns  (logic 0.966ns (23.666%)  route 3.116ns (76.333%))
  Logic Levels:           3  (LUT2=1 LUT4=1 LUT6=1)
  Clock Path Skew:        -0.107ns (DCD - SCD + CPR)
    Destination Clock Delay (DCD):    4.779ns = ( 14.779 - 10.000 ) 
    Source Clock Delay      (SCD):    5.146ns
    Clock Pessimism Removal (CPR):    0.260ns
  Clock Uncertainty:      0.035ns  ((TSJ^2 + TIJ^2)^1/2 + DJ) / 2 + PE
    Total System Jitter     (TSJ):    0.071ns
    Total Input Jitter      (TIJ):    0.000ns
    Discrete Jitter          (DJ):    0.000ns
    Phase Error              (PE):    0.000ns

    Location             Delay type                Incr(ns)  Path(ns)    Netlist Resource(s)
  -------------------------------------------------------------------    -------------------
                         (clock sys_clk_pin rise edge)
                                                      0.000     0.000 r  
    W5                                                0.000     0.000 r  clk (IN)
                         net (fo=0)                   0.000     0.000    clk
    W5                   IBUF (Prop_ibuf_I_O)         1.458     1.458 r  clk_IBUF_inst/O
                         net (fo=1, routed)           1.967     3.425    clk_IBUF
    BUFGCTRL_X0Y0        BUFG (Prop_bufg_I_O)         0.096     3.521 r  clk_IBUF_BUFG_inst/O
                         net (fo=98, routed)          1.625     5.146    moore/reloj_local/clk_IBUF_BUFG
    SLICE_X59Y19         FDCE                                         r  moore/reloj_local/contador_reg[12]/C
  -------------------------------------------------------------------    -------------------
    SLICE_X59Y19         FDCE (Prop_fdce_C_Q)         0.419     5.565 f  moore/reloj_local/contador_reg[12]/Q
                         net (fo=2, routed)           0.817     6.382    moore/reloj_local/contador[12]
    SLICE_X59Y21         LUT4 (Prop_lut4_I0_O)        0.299     6.681 f  moore/reloj_local/contador[25]_i_4/O
                         net (fo=1, routed)           0.809     7.490    moore/reloj_local/contador[25]_i_4_n_0
    SLICE_X59Y19         LUT6 (Prop_lut6_I0_O)        0.124     7.614 r  moore/reloj_local/contador[25]_i_3/O
                         net (fo=26, routed)          0.910     8.524    moore/reloj_local/contador[25]_i_3_n_0
    SLICE_X55Y22         LUT2 (Prop_lut2_I1_O)        0.124     8.648 r  moore/reloj_local/segundos[5]_i_1/O
                         net (fo=6, routed)           0.580     9.228    moore/reloj_local/segundos[5]_i_1_n_0
    SLICE_X54Y22         FDCE                                         r  moore/reloj_local/segundos_reg[3]/CE
  -------------------------------------------------------------------    -------------------

                         (clock sys_clk_pin rise edge)
                                                     10.000    10.000 r  
    W5                                                0.000    10.000 r  clk (IN)
                         net (fo=0)                   0.000    10.000    clk
    W5                   IBUF (Prop_ibuf_I_O)         1.388    11.388 r  clk_IBUF_inst/O
                         net (fo=1, routed)           1.862    13.250    clk_IBUF
    BUFGCTRL_X0Y0        BUFG (Prop_bufg_I_O)         0.091    13.341 r  clk_IBUF_BUFG_inst/O
                         net (fo=98, routed)          1.438    14.779    moore/reloj_local/clk_IBUF_BUFG
    SLICE_X54Y22         FDCE                                         r  moore/reloj_local/segundos_reg[3]/C
                         clock pessimism              0.260    15.039    
                         clock uncertainty           -0.035    15.004    
    SLICE_X54Y22         FDCE (Setup_fdce_C_CE)      -0.169    14.835    moore/reloj_local/segundos_reg[3]
  -------------------------------------------------------------------
                         required time                         14.835    
                         arrival time                          -9.228    
  -------------------------------------------------------------------
                         slack                                  5.607    

Slack (MET) :             5.607ns  (required time - arrival time)
  Source:                 moore/reloj_local/contador_reg[12]/C
                            (rising edge-triggered cell FDCE clocked by sys_clk_pin  {rise@0.000ns fall@5.000ns period=10.000ns})
  Destination:            moore/reloj_local/segundos_reg[4]/CE
                            (rising edge-triggered cell FDCE clocked by sys_clk_pin  {rise@0.000ns fall@5.000ns period=10.000ns})
  Path Group:             sys_clk_pin
  Path Type:              Setup (Max at Slow Process Corner)
  Requirement:            10.000ns  (sys_clk_pin rise@10.000ns - sys_clk_pin rise@0.000ns)
  Data Path Delay:        4.082ns  (logic 0.966ns (23.666%)  route 3.116ns (76.333%))
  Logic Levels:           3  (LUT2=1 LUT4=1 LUT6=1)
  Clock Path Skew:        -0.107ns (DCD - SCD + CPR)
    Destination Clock Delay (DCD):    4.779ns = ( 14.779 - 10.000 ) 
    Source Clock Delay      (SCD):    5.146ns
    Clock Pessimism Removal (CPR):    0.260ns
  Clock Uncertainty:      0.035ns  ((TSJ^2 + TIJ^2)^1/2 + DJ) / 2 + PE
    Total System Jitter     (TSJ):    0.071ns
    Total Input Jitter      (TIJ):    0.000ns
    Discrete Jitter          (DJ):    0.000ns
    Phase Error              (PE):    0.000ns

    Location             Delay type                Incr(ns)  Path(ns)    Netlist Resource(s)
  -------------------------------------------------------------------    -------------------
                         (clock sys_clk_pin rise edge)
                                                      0.000     0.000 r  
    W5                                                0.000     0.000 r  clk (IN)
                         net (fo=0)                   0.000     0.000    clk
    W5                   IBUF (Prop_ibuf_I_O)         1.458     1.458 r  clk_IBUF_inst/O
                         net (fo=1, routed)           1.967     3.425    clk_IBUF
    BUFGCTRL_X0Y0        BUFG (Prop_bufg_I_O)         0.096     3.521 r  clk_IBUF_BUFG_inst/O
                         net (fo=98, routed)          1.625     5.146    moore/reloj_local/clk_IBUF_BUFG
    SLICE_X59Y19         FDCE                                         r  moore/reloj_local/contador_reg[12]/C
  -------------------------------------------------------------------    -------------------
    SLICE_X59Y19         FDCE (Prop_fdce_C_Q)         0.419     5.565 f  moore/reloj_local/contador_reg[12]/Q
                         net (fo=2, routed)           0.817     6.382    moore/reloj_local/contador[12]
    SLICE_X59Y21         LUT4 (Prop_lut4_I0_O)        0.299     6.681 f  moore/reloj_local/contador[25]_i_4/O
                         net (fo=1, routed)           0.809     7.490    moore/reloj_local/contador[25]_i_4_n_0
    SLICE_X59Y19         LUT6 (Prop_lut6_I0_O)        0.124     7.614 r  moore/reloj_local/contador[25]_i_3/O
                         net (fo=26, routed)          0.910     8.524    moore/reloj_local/contador[25]_i_3_n_0
    SLICE_X55Y22         LUT2 (Prop_lut2_I1_O)        0.124     8.648 r  moore/reloj_local/segundos[5]_i_1/O
                         net (fo=6, routed)           0.580     9.228    moore/reloj_local/segundos[5]_i_1_n_0
    SLICE_X54Y22         FDCE                                         r  moore/reloj_local/segundos_reg[4]/CE
  -------------------------------------------------------------------    -------------------

                         (clock sys_clk_pin rise edge)
                                                     10.000    10.000 r  
    W5                                                0.000    10.000 r  clk (IN)
                         net (fo=0)                   0.000    10.000    clk
    W5                   IBUF (Prop_ibuf_I_O)         1.388    11.388 r  clk_IBUF_inst/O
                         net (fo=1, routed)           1.862    13.250    clk_IBUF
    BUFGCTRL_X0Y0        BUFG (Prop_bufg_I_O)         0.091    13.341 r  clk_IBUF_BUFG_inst/O
                         net (fo=98, routed)          1.438    14.779    moore/reloj_local/clk_IBUF_BUFG
    SLICE_X54Y22         FDCE                                         r  moore/reloj_local/segundos_reg[4]/C
                         clock pessimism              0.260    15.039    
                         clock uncertainty           -0.035    15.004    
    SLICE_X54Y22         FDCE (Setup_fdce_C_CE)      -0.169    14.835    moore/reloj_local/segundos_reg[4]
  -------------------------------------------------------------------
                         required time                         14.835    
                         arrival time                          -9.228    
  -------------------------------------------------------------------
                         slack                                  5.607    

Slack (MET) :             5.607ns  (required time - arrival time)
  Source:                 moore/reloj_local/contador_reg[12]/C
                            (rising edge-triggered cell FDCE clocked by sys_clk_pin  {rise@0.000ns fall@5.000ns period=10.000ns})
  Destination:            moore/reloj_local/segundos_reg[5]/CE
                            (rising edge-triggered cell FDCE clocked by sys_clk_pin  {rise@0.000ns fall@5.000ns period=10.000ns})
  Path Group:             sys_clk_pin
  Path Type:              Setup (Max at Slow Process Corner)
  Requirement:            10.000ns  (sys_clk_pin rise@10.000ns - sys_clk_pin rise@0.000ns)
  Data Path Delay:        4.082ns  (logic 0.966ns (23.666%)  route 3.116ns (76.333%))
  Logic Levels:           3  (LUT2=1 LUT4=1 LUT6=1)
  Clock Path Skew:        -0.107ns (DCD - SCD + CPR)
    Destination Clock Delay (DCD):    4.779ns = ( 14.779 - 10.000 ) 
    Source Clock Delay      (SCD):    5.146ns
    Clock Pessimism Removal (CPR):    0.260ns
  Clock Uncertainty:      0.035ns  ((TSJ^2 + TIJ^2)^1/2 + DJ) / 2 + PE
    Total System Jitter     (TSJ):    0.071ns
    Total Input Jitter      (TIJ):    0.000ns
    Discrete Jitter          (DJ):    0.000ns
    Phase Error              (PE):    0.000ns

    Location             Delay type                Incr(ns)  Path(ns)    Netlist Resource(s)
  -------------------------------------------------------------------    -------------------
                         (clock sys_clk_pin rise edge)
                                                      0.000     0.000 r  
    W5                                                0.000     0.000 r  clk (IN)
                         net (fo=0)                   0.000     0.000    clk
    W5                   IBUF (Prop_ibuf_I_O)         1.458     1.458 r  clk_IBUF_inst/O
                         net (fo=1, routed)           1.967     3.425    clk_IBUF
    BUFGCTRL_X0Y0        BUFG (Prop_bufg_I_O)         0.096     3.521 r  clk_IBUF_BUFG_inst/O
                         net (fo=98, routed)          1.625     5.146    moore/reloj_local/clk_IBUF_BUFG
    SLICE_X59Y19         FDCE                                         r  moore/reloj_local/contador_reg[12]/C
  -------------------------------------------------------------------    -------------------
    SLICE_X59Y19         FDCE (Prop_fdce_C_Q)         0.419     5.565 f  moore/reloj_local/contador_reg[12]/Q
                         net (fo=2, routed)           0.817     6.382    moore/reloj_local/contador[12]
    SLICE_X59Y21         LUT4 (Prop_lut4_I0_O)        0.299     6.681 f  moore/reloj_local/contador[25]_i_4/O
                         net (fo=1, routed)           0.809     7.490    moore/reloj_local/contador[25]_i_4_n_0
    SLICE_X59Y19         LUT6 (Prop_lut6_I0_O)        0.124     7.614 r  moore/reloj_local/contador[25]_i_3/O
                         net (fo=26, routed)          0.910     8.524    moore/reloj_local/contador[25]_i_3_n_0
    SLICE_X55Y22         LUT2 (Prop_lut2_I1_O)        0.124     8.648 r  moore/reloj_local/segundos[5]_i_1/O
                         net (fo=6, routed)           0.580     9.228    moore/reloj_local/segundos[5]_i_1_n_0
    SLICE_X54Y22         FDCE                                         r  moore/reloj_local/segundos_reg[5]/CE
  -------------------------------------------------------------------    -------------------

                         (clock sys_clk_pin rise edge)
                                                     10.000    10.000 r  
    W5                                                0.000    10.000 r  clk (IN)
                         net (fo=0)                   0.000    10.000    clk
    W5                   IBUF (Prop_ibuf_I_O)         1.388    11.388 r  clk_IBUF_inst/O
                         net (fo=1, routed)           1.862    13.250    clk_IBUF
    BUFGCTRL_X0Y0        BUFG (Prop_bufg_I_O)         0.091    13.341 r  clk_IBUF_BUFG_inst/O
                         net (fo=98, routed)          1.438    14.779    moore/reloj_local/clk_IBUF_BUFG
    SLICE_X54Y22         FDCE                                         r  moore/reloj_local/segundos_reg[5]/C
                         clock pessimism              0.260    15.039    
                         clock uncertainty           -0.035    15.004    
    SLICE_X54Y22         FDCE (Setup_fdce_C_CE)      -0.169    14.835    moore/reloj_local/segundos_reg[5]
  -------------------------------------------------------------------
                         required time                         14.835    
                         arrival time                          -9.228    
  -------------------------------------------------------------------
                         slack                                  5.607    

Slack (MET) :             5.760ns  (required time - arrival time)
  Source:                 moore/reloj_local/contador_reg[12]/C
                            (rising edge-triggered cell FDCE clocked by sys_clk_pin  {rise@0.000ns fall@5.000ns period=10.000ns})
  Destination:            moore/reloj_local/segundos_reg[0]/CE
                            (rising edge-triggered cell FDCE clocked by sys_clk_pin  {rise@0.000ns fall@5.000ns period=10.000ns})
  Path Group:             sys_clk_pin
  Path Type:              Setup (Max at Slow Process Corner)
  Requirement:            10.000ns  (sys_clk_pin rise@10.000ns - sys_clk_pin rise@0.000ns)
  Data Path Delay:        3.892ns  (logic 0.966ns (24.817%)  route 2.926ns (75.183%))
  Logic Levels:           3  (LUT2=1 LUT4=1 LUT6=1)
  Clock Path Skew:        -0.107ns (DCD - SCD + CPR)
    Destination Clock Delay (DCD):    4.779ns = ( 14.779 - 10.000 ) 
    Source Clock Delay      (SCD):    5.146ns
    Clock Pessimism Removal (CPR):    0.260ns
  Clock Uncertainty:      0.035ns  ((TSJ^2 + TIJ^2)^1/2 + DJ) / 2 + PE
    Total System Jitter     (TSJ):    0.071ns
    Total Input Jitter      (TIJ):    0.000ns
    Discrete Jitter          (DJ):    0.000ns
    Phase Error              (PE):    0.000ns

    Location             Delay type                Incr(ns)  Path(ns)    Netlist Resource(s)
  -------------------------------------------------------------------    -------------------
                         (clock sys_clk_pin rise edge)
                                                      0.000     0.000 r  
    W5                                                0.000     0.000 r  clk (IN)
                         net (fo=0)                   0.000     0.000    clk
    W5                   IBUF (Prop_ibuf_I_O)         1.458     1.458 r  clk_IBUF_inst/O
                         net (fo=1, routed)           1.967     3.425    clk_IBUF
    BUFGCTRL_X0Y0        BUFG (Prop_bufg_I_O)         0.096     3.521 r  clk_IBUF_BUFG_inst/O
                         net (fo=98, routed)          1.625     5.146    moore/reloj_local/clk_IBUF_BUFG
    SLICE_X59Y19         FDCE                                         r  moore/reloj_local/contador_reg[12]/C
  -------------------------------------------------------------------    -------------------
    SLICE_X59Y19         FDCE (Prop_fdce_C_Q)         0.419     5.565 f  moore/reloj_local/contador_reg[12]/Q
                         net (fo=2, routed)           0.817     6.382    moore/reloj_local/contador[12]
    SLICE_X59Y21         LUT4 (Prop_lut4_I0_O)        0.299     6.681 f  moore/reloj_local/contador[25]_i_4/O
                         net (fo=1, routed)           0.809     7.490    moore/reloj_local/contador[25]_i_4_n_0
    SLICE_X59Y19         LUT6 (Prop_lut6_I0_O)        0.124     7.614 r  moore/reloj_local/contador[25]_i_3/O
                         net (fo=26, routed)          0.910     8.524    moore/reloj_local/contador[25]_i_3_n_0
    SLICE_X55Y22         LUT2 (Prop_lut2_I1_O)        0.124     8.648 r  moore/reloj_local/segundos[5]_i_1/O
                         net (fo=6, routed)           0.390     9.039    moore/reloj_local/segundos[5]_i_1_n_0
    SLICE_X55Y22         FDCE                                         r  moore/reloj_local/segundos_reg[0]/CE
  -------------------------------------------------------------------    -------------------

                         (clock sys_clk_pin rise edge)
                                                     10.000    10.000 r  
    W5                                                0.000    10.000 r  clk (IN)
                         net (fo=0)                   0.000    10.000    clk
    W5                   IBUF (Prop_ibuf_I_O)         1.388    11.388 r  clk_IBUF_inst/O
                         net (fo=1, routed)           1.862    13.250    clk_IBUF
    BUFGCTRL_X0Y0        BUFG (Prop_bufg_I_O)         0.091    13.341 r  clk_IBUF_BUFG_inst/O
                         net (fo=98, routed)          1.438    14.779    moore/reloj_local/clk_IBUF_BUFG
    SLICE_X55Y22         FDCE                                         r  moore/reloj_local/segundos_reg[0]/C
                         clock pessimism              0.260    15.039    
                         clock uncertainty           -0.035    15.004    
    SLICE_X55Y22         FDCE (Setup_fdce_C_CE)      -0.205    14.799    moore/reloj_local/segundos_reg[0]
  -------------------------------------------------------------------
                         required time                         14.799    
                         arrival time                          -9.039    
  -------------------------------------------------------------------
                         slack                                  5.760    

Slack (MET) :             5.760ns  (required time - arrival time)
  Source:                 moore/reloj_local/contador_reg[12]/C
                            (rising edge-triggered cell FDCE clocked by sys_clk_pin  {rise@0.000ns fall@5.000ns period=10.000ns})
  Destination:            moore/reloj_local/segundos_reg[1]/CE
                            (rising edge-triggered cell FDCE clocked by sys_clk_pin  {rise@0.000ns fall@5.000ns period=10.000ns})
  Path Group:             sys_clk_pin
  Path Type:              Setup (Max at Slow Process Corner)
  Requirement:            10.000ns  (sys_clk_pin rise@10.000ns - sys_clk_pin rise@0.000ns)
  Data Path Delay:        3.892ns  (logic 0.966ns (24.817%)  route 2.926ns (75.183%))
  Logic Levels:           3  (LUT2=1 LUT4=1 LUT6=1)
  Clock Path Skew:        -0.107ns (DCD - SCD + CPR)
    Destination Clock Delay (DCD):    4.779ns = ( 14.779 - 10.000 ) 
    Source Clock Delay      (SCD):    5.146ns
    Clock Pessimism Removal (CPR):    0.260ns
  Clock Uncertainty:      0.035ns  ((TSJ^2 + TIJ^2)^1/2 + DJ) / 2 + PE
    Total System Jitter     (TSJ):    0.071ns
    Total Input Jitter      (TIJ):    0.000ns
    Discrete Jitter          (DJ):    0.000ns
    Phase Error              (PE):    0.000ns

    Location             Delay type                Incr(ns)  Path(ns)    Netlist Resource(s)
  -------------------------------------------------------------------    -------------------
                         (clock sys_clk_pin rise edge)
                                                      0.000     0.000 r  
    W5                                                0.000     0.000 r  clk (IN)
                         net (fo=0)                   0.000     0.000    clk
    W5                   IBUF (Prop_ibuf_I_O)         1.458     1.458 r  clk_IBUF_inst/O
                         net (fo=1, routed)           1.967     3.425    clk_IBUF
    BUFGCTRL_X0Y0        BUFG (Prop_bufg_I_O)         0.096     3.521 r  clk_IBUF_BUFG_inst/O
                         net (fo=98, routed)          1.625     5.146    moore/reloj_local/clk_IBUF_BUFG
    SLICE_X59Y19         FDCE                                         r  moore/reloj_local/contador_reg[12]/C
  -------------------------------------------------------------------    -------------------
    SLICE_X59Y19         FDCE (Prop_fdce_C_Q)         0.419     5.565 f  moore/reloj_local/contador_reg[12]/Q
                         net (fo=2, routed)           0.817     6.382    moore/reloj_local/contador[12]
    SLICE_X59Y21         LUT4 (Prop_lut4_I0_O)        0.299     6.681 f  moore/reloj_local/contador[25]_i_4/O
                         net (fo=1, routed)           0.809     7.490    moore/reloj_local/contador[25]_i_4_n_0
    SLICE_X59Y19         LUT6 (Prop_lut6_I0_O)        0.124     7.614 r  moore/reloj_local/contador[25]_i_3/O
                         net (fo=26, routed)          0.910     8.524    moore/reloj_local/contador[25]_i_3_n_0
    SLICE_X55Y22         LUT2 (Prop_lut2_I1_O)        0.124     8.648 r  moore/reloj_local/segundos[5]_i_1/O
                         net (fo=6, routed)           0.390     9.039    moore/reloj_local/segundos[5]_i_1_n_0
    SLICE_X55Y22         FDCE                                         r  moore/reloj_local/segundos_reg[1]/CE
  -------------------------------------------------------------------    -------------------

                         (clock sys_clk_pin rise edge)
                                                     10.000    10.000 r  
    W5                                                0.000    10.000 r  clk (IN)
                         net (fo=0)                   0.000    10.000    clk
    W5                   IBUF (Prop_ibuf_I_O)         1.388    11.388 r  clk_IBUF_inst/O
                         net (fo=1, routed)           1.862    13.250    clk_IBUF
    BUFGCTRL_X0Y0        BUFG (Prop_bufg_I_O)         0.091    13.341 r  clk_IBUF_BUFG_inst/O
                         net (fo=98, routed)          1.438    14.779    moore/reloj_local/clk_IBUF_BUFG
    SLICE_X55Y22         FDCE                                         r  moore/reloj_local/segundos_reg[1]/C
                         clock pessimism              0.260    15.039    
                         clock uncertainty           -0.035    15.004    
    SLICE_X55Y22         FDCE (Setup_fdce_C_CE)      -0.205    14.799    moore/reloj_local/segundos_reg[1]
  -------------------------------------------------------------------
                         required time                         14.799    
                         arrival time                          -9.039    
  -------------------------------------------------------------------
                         slack                                  5.760    

Slack (MET) :             5.859ns  (required time - arrival time)
  Source:                 moore/reloj_local/segundos_reg[0]/C
                            (rising edge-triggered cell FDCE clocked by sys_clk_pin  {rise@0.000ns fall@5.000ns period=10.000ns})
  Destination:            moore/reloj_local/horas_d_reg[2]/CE
                            (rising edge-triggered cell FDCE clocked by sys_clk_pin  {rise@0.000ns fall@5.000ns period=10.000ns})
  Path Group:             sys_clk_pin
  Path Type:              Setup (Max at Slow Process Corner)
  Requirement:            10.000ns  (sys_clk_pin rise@10.000ns - sys_clk_pin rise@0.000ns)
  Data Path Delay:        3.928ns  (logic 0.828ns (21.078%)  route 3.100ns (78.922%))
  Logic Levels:           3  (LUT4=1 LUT5=1 LUT6=1)
  Clock Path Skew:        0.028ns (DCD - SCD + CPR)
    Destination Clock Delay (DCD):    4.843ns = ( 14.843 - 10.000 ) 
    Source Clock Delay      (SCD):    5.075ns
    Clock Pessimism Removal (CPR):    0.260ns
  Clock Uncertainty:      0.035ns  ((TSJ^2 + TIJ^2)^1/2 + DJ) / 2 + PE
    Total System Jitter     (TSJ):    0.071ns
    Total Input Jitter      (TIJ):    0.000ns
    Discrete Jitter          (DJ):    0.000ns
    Phase Error              (PE):    0.000ns

    Location             Delay type                Incr(ns)  Path(ns)    Netlist Resource(s)
  -------------------------------------------------------------------    -------------------
                         (clock sys_clk_pin rise edge)
                                                      0.000     0.000 r  
    W5                                                0.000     0.000 r  clk (IN)
                         net (fo=0)                   0.000     0.000    clk
    W5                   IBUF (Prop_ibuf_I_O)         1.458     1.458 r  clk_IBUF_inst/O
                         net (fo=1, routed)           1.967     3.425    clk_IBUF
    BUFGCTRL_X0Y0        BUFG (Prop_bufg_I_O)         0.096     3.521 r  clk_IBUF_BUFG_inst/O
                         net (fo=98, routed)          1.554     5.075    moore/reloj_local/clk_IBUF_BUFG
    SLICE_X55Y22         FDCE                                         r  moore/reloj_local/segundos_reg[0]/C
  -------------------------------------------------------------------    -------------------
    SLICE_X55Y22         FDCE (Prop_fdce_C_Q)         0.456     5.531 f  moore/reloj_local/segundos_reg[0]/Q
                         net (fo=7, routed)           0.914     6.445    moore/reloj_local/segundos_reg_n_0_[0]
    SLICE_X55Y22         LUT6 (Prop_lut6_I0_O)        0.124     6.569 r  moore/reloj_local/mins_u[3]_i_1/O
                         net (fo=6, routed)           1.075     7.644    moore/reloj_local/mins_u[3]_i_1_n_0
    SLICE_X60Y23         LUT5 (Prop_lut5_I0_O)        0.124     7.768 r  moore/reloj_local/mins_d[3]_i_1/O
                         net (fo=6, routed)           0.629     8.397    moore/reloj_local/mins_d[3]_i_1_n_0
    SLICE_X62Y22         LUT4 (Prop_lut4_I1_O)        0.124     8.521 r  moore/reloj_local/horas_d[3]_i_1/O
                         net (fo=4, routed)           0.482     9.004    moore/reloj_local/horas_d[3]_i_1_n_0
    SLICE_X62Y24         FDCE                                         r  moore/reloj_local/horas_d_reg[2]/CE
  -------------------------------------------------------------------    -------------------

                         (clock sys_clk_pin rise edge)
                                                     10.000    10.000 r  
    W5                                                0.000    10.000 r  clk (IN)
                         net (fo=0)                   0.000    10.000    clk
    W5                   IBUF (Prop_ibuf_I_O)         1.388    11.388 r  clk_IBUF_inst/O
                         net (fo=1, routed)           1.862    13.250    clk_IBUF
    BUFGCTRL_X0Y0        BUFG (Prop_bufg_I_O)         0.091    13.341 r  clk_IBUF_BUFG_inst/O
                         net (fo=98, routed)          1.502    14.843    moore/reloj_local/clk_IBUF_BUFG
    SLICE_X62Y24         FDCE                                         r  moore/reloj_local/horas_d_reg[2]/C
                         clock pessimism              0.260    15.103    
                         clock uncertainty           -0.035    15.068    
    SLICE_X62Y24         FDCE (Setup_fdce_C_CE)      -0.205    14.863    moore/reloj_local/horas_d_reg[2]
  -------------------------------------------------------------------
                         required time                         14.863    
                         arrival time                          -9.004    
  -------------------------------------------------------------------
                         slack                                  5.859    

Slack (MET) :             5.859ns  (required time - arrival time)
  Source:                 moore/reloj_local/segundos_reg[0]/C
                            (rising edge-triggered cell FDCE clocked by sys_clk_pin  {rise@0.000ns fall@5.000ns period=10.000ns})
  Destination:            moore/reloj_local/horas_d_reg[3]/CE
                            (rising edge-triggered cell FDCE clocked by sys_clk_pin  {rise@0.000ns fall@5.000ns period=10.000ns})
  Path Group:             sys_clk_pin
  Path Type:              Setup (Max at Slow Process Corner)
  Requirement:            10.000ns  (sys_clk_pin rise@10.000ns - sys_clk_pin rise@0.000ns)
  Data Path Delay:        3.928ns  (logic 0.828ns (21.078%)  route 3.100ns (78.922%))
  Logic Levels:           3  (LUT4=1 LUT5=1 LUT6=1)
  Clock Path Skew:        0.028ns (DCD - SCD + CPR)
    Destination Clock Delay (DCD):    4.843ns = ( 14.843 - 10.000 ) 
    Source Clock Delay      (SCD):    5.075ns
    Clock Pessimism Removal (CPR):    0.260ns
  Clock Uncertainty:      0.035ns  ((TSJ^2 + TIJ^2)^1/2 + DJ) / 2 + PE
    Total System Jitter     (TSJ):    0.071ns
    Total Input Jitter      (TIJ):    0.000ns
    Discrete Jitter          (DJ):    0.000ns
    Phase Error              (PE):    0.000ns

    Location             Delay type                Incr(ns)  Path(ns)    Netlist Resource(s)
  -------------------------------------------------------------------    -------------------
                         (clock sys_clk_pin rise edge)
                                                      0.000     0.000 r  
    W5                                                0.000     0.000 r  clk (IN)
                         net (fo=0)                   0.000     0.000    clk
    W5                   IBUF (Prop_ibuf_I_O)         1.458     1.458 r  clk_IBUF_inst/O
                         net (fo=1, routed)           1.967     3.425    clk_IBUF
    BUFGCTRL_X0Y0        BUFG (Prop_bufg_I_O)         0.096     3.521 r  clk_IBUF_BUFG_inst/O
                         net (fo=98, routed)          1.554     5.075    moore/reloj_local/clk_IBUF_BUFG
    SLICE_X55Y22         FDCE                                         r  moore/reloj_local/segundos_reg[0]/C
  -------------------------------------------------------------------    -------------------
    SLICE_X55Y22         FDCE (Prop_fdce_C_Q)         0.456     5.531 f  moore/reloj_local/segundos_reg[0]/Q
                         net (fo=7, routed)           0.914     6.445    moore/reloj_local/segundos_reg_n_0_[0]
    SLICE_X55Y22         LUT6 (Prop_lut6_I0_O)        0.124     6.569 r  moore/reloj_local/mins_u[3]_i_1/O
                         net (fo=6, routed)           1.075     7.644    moore/reloj_local/mins_u[3]_i_1_n_0
    SLICE_X60Y23         LUT5 (Prop_lut5_I0_O)        0.124     7.768 r  moore/reloj_local/mins_d[3]_i_1/O
                         net (fo=6, routed)           0.629     8.397    moore/reloj_local/mins_d[3]_i_1_n_0
    SLICE_X62Y22         LUT4 (Prop_lut4_I1_O)        0.124     8.521 r  moore/reloj_local/horas_d[3]_i_1/O
                         net (fo=4, routed)           0.482     9.004    moore/reloj_local/horas_d[3]_i_1_n_0
    SLICE_X62Y24         FDCE                                         r  moore/reloj_local/horas_d_reg[3]/CE
  -------------------------------------------------------------------    -------------------

                         (clock sys_clk_pin rise edge)
                                                     10.000    10.000 r  
    W5                                                0.000    10.000 r  clk (IN)
                         net (fo=0)                   0.000    10.000    clk
    W5                   IBUF (Prop_ibuf_I_O)         1.388    11.388 r  clk_IBUF_inst/O
                         net (fo=1, routed)           1.862    13.250    clk_IBUF
    BUFGCTRL_X0Y0        BUFG (Prop_bufg_I_O)         0.091    13.341 r  clk_IBUF_BUFG_inst/O
                         net (fo=98, routed)          1.502    14.843    moore/reloj_local/clk_IBUF_BUFG
    SLICE_X62Y24         FDCE                                         r  moore/reloj_local/horas_d_reg[3]/C
                         clock pessimism              0.260    15.103    
                         clock uncertainty           -0.035    15.068    
    SLICE_X62Y24         FDCE (Setup_fdce_C_CE)      -0.205    14.863    moore/reloj_local/horas_d_reg[3]
  -------------------------------------------------------------------
                         required time                         14.863    
                         arrival time                          -9.004    
  -------------------------------------------------------------------
                         slack                                  5.859    

Slack (MET) :             5.954ns  (required time - arrival time)
  Source:                 moore/reloj_local/segundos_reg[0]/C
                            (rising edge-triggered cell FDCE clocked by sys_clk_pin  {rise@0.000ns fall@5.000ns period=10.000ns})
  Destination:            moore/reloj_local/horas_d_reg[0]/CE
                            (rising edge-triggered cell FDCE clocked by sys_clk_pin  {rise@0.000ns fall@5.000ns period=10.000ns})
  Path Group:             sys_clk_pin
  Path Type:              Setup (Max at Slow Process Corner)
  Requirement:            10.000ns  (sys_clk_pin rise@10.000ns - sys_clk_pin rise@0.000ns)
  Data Path Delay:        3.837ns  (logic 0.828ns (21.581%)  route 3.009ns (78.419%))
  Logic Levels:           3  (LUT4=1 LUT5=1 LUT6=1)
  Clock Path Skew:        0.031ns (DCD - SCD + CPR)
    Destination Clock Delay (DCD):    4.846ns = ( 14.846 - 10.000 ) 
    Source Clock Delay      (SCD):    5.075ns
    Clock Pessimism Removal (CPR):    0.260ns
  Clock Uncertainty:      0.035ns  ((TSJ^2 + TIJ^2)^1/2 + DJ) / 2 + PE
    Total System Jitter     (TSJ):    0.071ns
    Total Input Jitter      (TIJ):    0.000ns
    Discrete Jitter          (DJ):    0.000ns
    Phase Error              (PE):    0.000ns

    Location             Delay type                Incr(ns)  Path(ns)    Netlist Resource(s)
  -------------------------------------------------------------------    -------------------
                         (clock sys_clk_pin rise edge)
                                                      0.000     0.000 r  
    W5                                                0.000     0.000 r  clk (IN)
                         net (fo=0)                   0.000     0.000    clk
    W5                   IBUF (Prop_ibuf_I_O)         1.458     1.458 r  clk_IBUF_inst/O
                         net (fo=1, routed)           1.967     3.425    clk_IBUF
    BUFGCTRL_X0Y0        BUFG (Prop_bufg_I_O)         0.096     3.521 r  clk_IBUF_BUFG_inst/O
                         net (fo=98, routed)          1.554     5.075    moore/reloj_local/clk_IBUF_BUFG
    SLICE_X55Y22         FDCE                                         r  moore/reloj_local/segundos_reg[0]/C
  -------------------------------------------------------------------    -------------------
    SLICE_X55Y22         FDCE (Prop_fdce_C_Q)         0.456     5.531 f  moore/reloj_local/segundos_reg[0]/Q
                         net (fo=7, routed)           0.914     6.445    moore/reloj_local/segundos_reg_n_0_[0]
    SLICE_X55Y22         LUT6 (Prop_lut6_I0_O)        0.124     6.569 r  moore/reloj_local/mins_u[3]_i_1/O
                         net (fo=6, routed)           1.075     7.644    moore/reloj_local/mins_u[3]_i_1_n_0
    SLICE_X60Y23         LUT5 (Prop_lut5_I0_O)        0.124     7.768 r  moore/reloj_local/mins_d[3]_i_1/O
                         net (fo=6, routed)           0.629     8.397    moore/reloj_local/mins_d[3]_i_1_n_0
    SLICE_X62Y22         LUT4 (Prop_lut4_I1_O)        0.124     8.521 r  moore/reloj_local/horas_d[3]_i_1/O
                         net (fo=4, routed)           0.391     8.912    moore/reloj_local/horas_d[3]_i_1_n_0
    SLICE_X62Y22         FDCE                                         r  moore/reloj_local/horas_d_reg[0]/CE
  -------------------------------------------------------------------    -------------------

                         (clock sys_clk_pin rise edge)
                                                     10.000    10.000 r  
    W5                                                0.000    10.000 r  clk (IN)
                         net (fo=0)                   0.000    10.000    clk
    W5                   IBUF (Prop_ibuf_I_O)         1.388    11.388 r  clk_IBUF_inst/O
                         net (fo=1, routed)           1.862    13.250    clk_IBUF
    BUFGCTRL_X0Y0        BUFG (Prop_bufg_I_O)         0.091    13.341 r  clk_IBUF_BUFG_inst/O
                         net (fo=98, routed)          1.505    14.846    moore/reloj_local/clk_IBUF_BUFG
    SLICE_X62Y22         FDCE                                         r  moore/reloj_local/horas_d_reg[0]/C
                         clock pessimism              0.260    15.106    
                         clock uncertainty           -0.035    15.071    
    SLICE_X62Y22         FDCE (Setup_fdce_C_CE)      -0.205    14.866    moore/reloj_local/horas_d_reg[0]
  -------------------------------------------------------------------
                         required time                         14.866    
                         arrival time                          -8.912    
  -------------------------------------------------------------------
                         slack                                  5.954    

Slack (MET) :             5.954ns  (required time - arrival time)
  Source:                 moore/reloj_local/segundos_reg[0]/C
                            (rising edge-triggered cell FDCE clocked by sys_clk_pin  {rise@0.000ns fall@5.000ns period=10.000ns})
  Destination:            moore/reloj_local/horas_d_reg[1]/CE
                            (rising edge-triggered cell FDCE clocked by sys_clk_pin  {rise@0.000ns fall@5.000ns period=10.000ns})
  Path Group:             sys_clk_pin
  Path Type:              Setup (Max at Slow Process Corner)
  Requirement:            10.000ns  (sys_clk_pin rise@10.000ns - sys_clk_pin rise@0.000ns)
  Data Path Delay:        3.837ns  (logic 0.828ns (21.581%)  route 3.009ns (78.419%))
  Logic Levels:           3  (LUT4=1 LUT5=1 LUT6=1)
  Clock Path Skew:        0.031ns (DCD - SCD + CPR)
    Destination Clock Delay (DCD):    4.846ns = ( 14.846 - 10.000 ) 
    Source Clock Delay      (SCD):    5.075ns
    Clock Pessimism Removal (CPR):    0.260ns
  Clock Uncertainty:      0.035ns  ((TSJ^2 + TIJ^2)^1/2 + DJ) / 2 + PE
    Total System Jitter     (TSJ):    0.071ns
    Total Input Jitter      (TIJ):    0.000ns
    Discrete Jitter          (DJ):    0.000ns
    Phase Error              (PE):    0.000ns

    Location             Delay type                Incr(ns)  Path(ns)    Netlist Resource(s)
  -------------------------------------------------------------------    -------------------
                         (clock sys_clk_pin rise edge)
                                                      0.000     0.000 r  
    W5                                                0.000     0.000 r  clk (IN)
                         net (fo=0)                   0.000     0.000    clk
    W5                   IBUF (Prop_ibuf_I_O)         1.458     1.458 r  clk_IBUF_inst/O
                         net (fo=1, routed)           1.967     3.425    clk_IBUF
    BUFGCTRL_X0Y0        BUFG (Prop_bufg_I_O)         0.096     3.521 r  clk_IBUF_BUFG_inst/O
                         net (fo=98, routed)          1.554     5.075    moore/reloj_local/clk_IBUF_BUFG
    SLICE_X55Y22         FDCE                                         r  moore/reloj_local/segundos_reg[0]/C
  -------------------------------------------------------------------    -------------------
    SLICE_X55Y22         FDCE (Prop_fdce_C_Q)         0.456     5.531 f  moore/reloj_local/segundos_reg[0]/Q
                         net (fo=7, routed)           0.914     6.445    moore/reloj_local/segundos_reg_n_0_[0]
    SLICE_X55Y22         LUT6 (Prop_lut6_I0_O)        0.124     6.569 r  moore/reloj_local/mins_u[3]_i_1/O
                         net (fo=6, routed)           1.075     7.644    moore/reloj_local/mins_u[3]_i_1_n_0
    SLICE_X60Y23         LUT5 (Prop_lut5_I0_O)        0.124     7.768 r  moore/reloj_local/mins_d[3]_i_1/O
                         net (fo=6, routed)           0.629     8.397    moore/reloj_local/mins_d[3]_i_1_n_0
    SLICE_X62Y22         LUT4 (Prop_lut4_I1_O)        0.124     8.521 r  moore/reloj_local/horas_d[3]_i_1/O
                         net (fo=4, routed)           0.391     8.912    moore/reloj_local/horas_d[3]_i_1_n_0
    SLICE_X62Y22         FDCE                                         r  moore/reloj_local/horas_d_reg[1]/CE
  -------------------------------------------------------------------    -------------------

                         (clock sys_clk_pin rise edge)
                                                     10.000    10.000 r  
    W5                                                0.000    10.000 r  clk (IN)
                         net (fo=0)                   0.000    10.000    clk
    W5                   IBUF (Prop_ibuf_I_O)         1.388    11.388 r  clk_IBUF_inst/O
                         net (fo=1, routed)           1.862    13.250    clk_IBUF
    BUFGCTRL_X0Y0        BUFG (Prop_bufg_I_O)         0.091    13.341 r  clk_IBUF_BUFG_inst/O
                         net (fo=98, routed)          1.505    14.846    moore/reloj_local/clk_IBUF_BUFG
    SLICE_X62Y22         FDCE                                         r  moore/reloj_local/horas_d_reg[1]/C
                         clock pessimism              0.260    15.106    
                         clock uncertainty           -0.035    15.071    
    SLICE_X62Y22         FDCE (Setup_fdce_C_CE)      -0.205    14.866    moore/reloj_local/horas_d_reg[1]
  -------------------------------------------------------------------
                         required time                         14.866    
                         arrival time                          -8.912    
  -------------------------------------------------------------------
                         slack                                  5.954    





Min Delay Paths
--------------------------------------------------------------------------------------
Slack (MET) :             0.171ns  (arrival time - required time)
  Source:                 moore/reloj_local/segundos_reg[1]/C
                            (rising edge-triggered cell FDCE clocked by sys_clk_pin  {rise@0.000ns fall@5.000ns period=10.000ns})
  Destination:            moore/reloj_local/segundos_reg[5]/D
                            (rising edge-triggered cell FDCE clocked by sys_clk_pin  {rise@0.000ns fall@5.000ns period=10.000ns})
  Path Group:             sys_clk_pin
  Path Type:              Hold (Min at Fast Process Corner)
  Requirement:            0.000ns  (sys_clk_pin rise@0.000ns - sys_clk_pin rise@0.000ns)
  Data Path Delay:        0.305ns  (logic 0.186ns (61.079%)  route 0.119ns (38.921%))
  Logic Levels:           1  (LUT6=1)
  Clock Path Skew:        0.013ns (DCD - SCD - CPR)
    Destination Clock Delay (DCD):    1.951ns
    Source Clock Delay      (SCD):    1.439ns
    Clock Pessimism Removal (CPR):    0.499ns

    Location             Delay type                Incr(ns)  Path(ns)    Netlist Resource(s)
  -------------------------------------------------------------------    -------------------
                         (clock sys_clk_pin rise edge)
                                                      0.000     0.000 r  
    W5                                                0.000     0.000 r  clk (IN)
                         net (fo=0)                   0.000     0.000    clk
    W5                   IBUF (Prop_ibuf_I_O)         0.226     0.226 r  clk_IBUF_inst/O
                         net (fo=1, routed)           0.631     0.858    clk_IBUF
    BUFGCTRL_X0Y0        BUFG (Prop_bufg_I_O)         0.026     0.884 r  clk_IBUF_BUFG_inst/O
                         net (fo=98, routed)          0.556     1.439    moore/reloj_local/clk_IBUF_BUFG
    SLICE_X55Y22         FDCE                                         r  moore/reloj_local/segundos_reg[1]/C
  -------------------------------------------------------------------    -------------------
    SLICE_X55Y22         FDCE (Prop_fdce_C_Q)         0.141     1.580 r  moore/reloj_local/segundos_reg[1]/Q
                         net (fo=7, routed)           0.119     1.699    moore/reloj_local/segundos_reg_n_0_[1]
    SLICE_X54Y22         LUT6 (Prop_lut6_I2_O)        0.045     1.744 r  moore/reloj_local/segundos[5]_i_2/O
                         net (fo=1, routed)           0.000     1.744    moore/reloj_local/segundos[5]_i_2_n_0
    SLICE_X54Y22         FDCE                                         r  moore/reloj_local/segundos_reg[5]/D
  -------------------------------------------------------------------    -------------------

                         (clock sys_clk_pin rise edge)
                                                      0.000     0.000 r  
    W5                                                0.000     0.000 r  clk (IN)
                         net (fo=0)                   0.000     0.000    clk
    W5                   IBUF (Prop_ibuf_I_O)         0.414     0.414 r  clk_IBUF_inst/O
                         net (fo=1, routed)           0.685     1.099    clk_IBUF
    BUFGCTRL_X0Y0        BUFG (Prop_bufg_I_O)         0.029     1.128 r  clk_IBUF_BUFG_inst/O
                         net (fo=98, routed)          0.824     1.951    moore/reloj_local/clk_IBUF_BUFG
    SLICE_X54Y22         FDCE                                         r  moore/reloj_local/segundos_reg[5]/C
                         clock pessimism             -0.499     1.452    
    SLICE_X54Y22         FDCE (Hold_fdce_C_D)         0.121     1.573    moore/reloj_local/segundos_reg[5]
  -------------------------------------------------------------------
                         required time                         -1.573    
                         arrival time                           1.744    
  -------------------------------------------------------------------
                         slack                                  0.171    

Slack (MET) :             0.173ns  (arrival time - required time)
  Source:                 moore/reloj_local/segundos_reg[1]/C
                            (rising edge-triggered cell FDCE clocked by sys_clk_pin  {rise@0.000ns fall@5.000ns period=10.000ns})
  Destination:            moore/reloj_local/segundos_reg[4]/D
                            (rising edge-triggered cell FDCE clocked by sys_clk_pin  {rise@0.000ns fall@5.000ns period=10.000ns})
  Path Group:             sys_clk_pin
  Path Type:              Hold (Min at Fast Process Corner)
  Requirement:            0.000ns  (sys_clk_pin rise@0.000ns - sys_clk_pin rise@0.000ns)
  Data Path Delay:        0.307ns  (logic 0.186ns (60.681%)  route 0.121ns (39.319%))
  Logic Levels:           1  (LUT6=1)
  Clock Path Skew:        0.013ns (DCD - SCD - CPR)
    Destination Clock Delay (DCD):    1.951ns
    Source Clock Delay      (SCD):    1.439ns
    Clock Pessimism Removal (CPR):    0.499ns

    Location             Delay type                Incr(ns)  Path(ns)    Netlist Resource(s)
  -------------------------------------------------------------------    -------------------
                         (clock sys_clk_pin rise edge)
                                                      0.000     0.000 r  
    W5                                                0.000     0.000 r  clk (IN)
                         net (fo=0)                   0.000     0.000    clk
    W5                   IBUF (Prop_ibuf_I_O)         0.226     0.226 r  clk_IBUF_inst/O
                         net (fo=1, routed)           0.631     0.858    clk_IBUF
    BUFGCTRL_X0Y0        BUFG (Prop_bufg_I_O)         0.026     0.884 r  clk_IBUF_BUFG_inst/O
                         net (fo=98, routed)          0.556     1.439    moore/reloj_local/clk_IBUF_BUFG
    SLICE_X55Y22         FDCE                                         r  moore/reloj_local/segundos_reg[1]/C
  -------------------------------------------------------------------    -------------------
    SLICE_X55Y22         FDCE (Prop_fdce_C_Q)         0.141     1.580 r  moore/reloj_local/segundos_reg[1]/Q
                         net (fo=7, routed)           0.121     1.701    moore/reloj_local/segundos_reg_n_0_[1]
    SLICE_X54Y22         LUT6 (Prop_lut6_I2_O)        0.045     1.746 r  moore/reloj_local/segundos[4]_i_1/O
                         net (fo=1, routed)           0.000     1.746    moore/reloj_local/segundos[4]_i_1_n_0
    SLICE_X54Y22         FDCE                                         r  moore/reloj_local/segundos_reg[4]/D
  -------------------------------------------------------------------    -------------------

                         (clock sys_clk_pin rise edge)
                                                      0.000     0.000 r  
    W5                                                0.000     0.000 r  clk (IN)
                         net (fo=0)                   0.000     0.000    clk
    W5                   IBUF (Prop_ibuf_I_O)         0.414     0.414 r  clk_IBUF_inst/O
                         net (fo=1, routed)           0.685     1.099    clk_IBUF
    BUFGCTRL_X0Y0        BUFG (Prop_bufg_I_O)         0.029     1.128 r  clk_IBUF_BUFG_inst/O
                         net (fo=98, routed)          0.824     1.951    moore/reloj_local/clk_IBUF_BUFG
    SLICE_X54Y22         FDCE                                         r  moore/reloj_local/segundos_reg[4]/C
                         clock pessimism             -0.499     1.452    
    SLICE_X54Y22         FDCE (Hold_fdce_C_D)         0.121     1.573    moore/reloj_local/segundos_reg[4]
  -------------------------------------------------------------------
                         required time                         -1.573    
                         arrival time                           1.746    
  -------------------------------------------------------------------
                         slack                                  0.173    

Slack (MET) :             0.190ns  (arrival time - required time)
  Source:                 moore/reloj_local/segundos_reg[4]/C
                            (rising edge-triggered cell FDCE clocked by sys_clk_pin  {rise@0.000ns fall@5.000ns period=10.000ns})
  Destination:            moore/reloj_local/segundos_reg[0]/D
                            (rising edge-triggered cell FDCE clocked by sys_clk_pin  {rise@0.000ns fall@5.000ns period=10.000ns})
  Path Group:             sys_clk_pin
  Path Type:              Hold (Min at Fast Process Corner)
  Requirement:            0.000ns  (sys_clk_pin rise@0.000ns - sys_clk_pin rise@0.000ns)
  Data Path Delay:        0.294ns  (logic 0.209ns (71.030%)  route 0.085ns (28.970%))
  Logic Levels:           1  (LUT6=1)
  Clock Path Skew:        0.013ns (DCD - SCD - CPR)
    Destination Clock Delay (DCD):    1.951ns
    Source Clock Delay      (SCD):    1.439ns
    Clock Pessimism Removal (CPR):    0.499ns

    Location             Delay type                Incr(ns)  Path(ns)    Netlist Resource(s)
  -------------------------------------------------------------------    -------------------
                         (clock sys_clk_pin rise edge)
                                                      0.000     0.000 r  
    W5                                                0.000     0.000 r  clk (IN)
                         net (fo=0)                   0.000     0.000    clk
    W5                   IBUF (Prop_ibuf_I_O)         0.226     0.226 r  clk_IBUF_inst/O
                         net (fo=1, routed)           0.631     0.858    clk_IBUF
    BUFGCTRL_X0Y0        BUFG (Prop_bufg_I_O)         0.026     0.884 r  clk_IBUF_BUFG_inst/O
                         net (fo=98, routed)          0.556     1.439    moore/reloj_local/clk_IBUF_BUFG
    SLICE_X54Y22         FDCE                                         r  moore/reloj_local/segundos_reg[4]/C
  -------------------------------------------------------------------    -------------------
    SLICE_X54Y22         FDCE (Prop_fdce_C_Q)         0.164     1.603 f  moore/reloj_local/segundos_reg[4]/Q
                         net (fo=6, routed)           0.085     1.688    moore/reloj_local/segundos_reg_n_0_[4]
    SLICE_X55Y22         LUT6 (Prop_lut6_I1_O)        0.045     1.733 r  moore/reloj_local/segundos[0]_i_1/O
                         net (fo=1, routed)           0.000     1.733    moore/reloj_local/segundos[0]_i_1_n_0
    SLICE_X55Y22         FDCE                                         r  moore/reloj_local/segundos_reg[0]/D
  -------------------------------------------------------------------    -------------------

                         (clock sys_clk_pin rise edge)
                                                      0.000     0.000 r  
    W5                                                0.000     0.000 r  clk (IN)
                         net (fo=0)                   0.000     0.000    clk
    W5                   IBUF (Prop_ibuf_I_O)         0.414     0.414 r  clk_IBUF_inst/O
                         net (fo=1, routed)           0.685     1.099    clk_IBUF
    BUFGCTRL_X0Y0        BUFG (Prop_bufg_I_O)         0.029     1.128 r  clk_IBUF_BUFG_inst/O
                         net (fo=98, routed)          0.824     1.951    moore/reloj_local/clk_IBUF_BUFG
    SLICE_X55Y22         FDCE                                         r  moore/reloj_local/segundos_reg[0]/C
                         clock pessimism             -0.499     1.452    
    SLICE_X55Y22         FDCE (Hold_fdce_C_D)         0.091     1.543    moore/reloj_local/segundos_reg[0]
  -------------------------------------------------------------------
                         required time                         -1.543    
                         arrival time                           1.733    
  -------------------------------------------------------------------
                         slack                                  0.190    

Slack (MET) :             0.191ns  (arrival time - required time)
  Source:                 moore/reloj_local/mins_d_reg[2]/C
                            (rising edge-triggered cell FDCE clocked by sys_clk_pin  {rise@0.000ns fall@5.000ns period=10.000ns})
  Destination:            moore/reloj_local/mins_d_reg[1]/D
                            (rising edge-triggered cell FDCE clocked by sys_clk_pin  {rise@0.000ns fall@5.000ns period=10.000ns})
  Path Group:             sys_clk_pin
  Path Type:              Hold (Min at Fast Process Corner)
  Requirement:            0.000ns  (sys_clk_pin rise@0.000ns - sys_clk_pin rise@0.000ns)
  Data Path Delay:        0.309ns  (logic 0.189ns (61.144%)  route 0.120ns (38.856%))
  Logic Levels:           1  (LUT4=1)
  Clock Path Skew:        0.013ns (DCD - SCD - CPR)
    Destination Clock Delay (DCD):    1.978ns
    Source Clock Delay      (SCD):    1.466ns
    Clock Pessimism Removal (CPR):    0.499ns

    Location             Delay type                Incr(ns)  Path(ns)    Netlist Resource(s)
  -------------------------------------------------------------------    -------------------
                         (clock sys_clk_pin rise edge)
                                                      0.000     0.000 r  
    W5                                                0.000     0.000 r  clk (IN)
                         net (fo=0)                   0.000     0.000    clk
    W5                   IBUF (Prop_ibuf_I_O)         0.226     0.226 r  clk_IBUF_inst/O
                         net (fo=1, routed)           0.631     0.858    clk_IBUF
    BUFGCTRL_X0Y0        BUFG (Prop_bufg_I_O)         0.026     0.884 r  clk_IBUF_BUFG_inst/O
                         net (fo=98, routed)          0.583     1.466    moore/reloj_local/clk_IBUF_BUFG
    SLICE_X63Y23         FDCE                                         r  moore/reloj_local/mins_d_reg[2]/C
  -------------------------------------------------------------------    -------------------
    SLICE_X63Y23         FDCE (Prop_fdce_C_Q)         0.141     1.607 f  moore/reloj_local/mins_d_reg[2]/Q
                         net (fo=6, routed)           0.120     1.727    moore/reloj_local/min_d[2]
    SLICE_X62Y23         LUT4 (Prop_lut4_I0_O)        0.048     1.775 r  moore/reloj_local/mins_d[1]_i_1/O
                         net (fo=1, routed)           0.000     1.775    moore/reloj_local/mins_d[1]_i_1_n_0
    SLICE_X62Y23         FDCE                                         r  moore/reloj_local/mins_d_reg[1]/D
  -------------------------------------------------------------------    -------------------

                         (clock sys_clk_pin rise edge)
                                                      0.000     0.000 r  
    W5                                                0.000     0.000 r  clk (IN)
                         net (fo=0)                   0.000     0.000    clk
    W5                   IBUF (Prop_ibuf_I_O)         0.414     0.414 r  clk_IBUF_inst/O
                         net (fo=1, routed)           0.685     1.099    clk_IBUF
    BUFGCTRL_X0Y0        BUFG (Prop_bufg_I_O)         0.029     1.128 r  clk_IBUF_BUFG_inst/O
                         net (fo=98, routed)          0.851     1.978    moore/reloj_local/clk_IBUF_BUFG
    SLICE_X62Y23         FDCE                                         r  moore/reloj_local/mins_d_reg[1]/C
                         clock pessimism             -0.499     1.479    
    SLICE_X62Y23         FDCE (Hold_fdce_C_D)         0.105     1.584    moore/reloj_local/mins_d_reg[1]
  -------------------------------------------------------------------
                         required time                         -1.584    
                         arrival time                           1.775    
  -------------------------------------------------------------------
                         slack                                  0.191    

Slack (MET) :             0.235ns  (arrival time - required time)
  Source:                 moore/reloj_local/segundos_reg[0]/C
                            (rising edge-triggered cell FDCE clocked by sys_clk_pin  {rise@0.000ns fall@5.000ns period=10.000ns})
  Destination:            moore/reloj_local/segundos_reg[3]/D
                            (rising edge-triggered cell FDCE clocked by sys_clk_pin  {rise@0.000ns fall@5.000ns period=10.000ns})
  Path Group:             sys_clk_pin
  Path Type:              Hold (Min at Fast Process Corner)
  Requirement:            0.000ns  (sys_clk_pin rise@0.000ns - sys_clk_pin rise@0.000ns)
  Data Path Delay:        0.369ns  (logic 0.186ns (50.473%)  route 0.183ns (49.527%))
  Logic Levels:           1  (LUT6=1)
  Clock Path Skew:        0.013ns (DCD - SCD - CPR)
    Destination Clock Delay (DCD):    1.951ns
    Source Clock Delay      (SCD):    1.439ns
    Clock Pessimism Removal (CPR):    0.499ns

    Location             Delay type                Incr(ns)  Path(ns)    Netlist Resource(s)
  -------------------------------------------------------------------    -------------------
                         (clock sys_clk_pin rise edge)
                                                      0.000     0.000 r  
    W5                                                0.000     0.000 r  clk (IN)
                         net (fo=0)                   0.000     0.000    clk
    W5                   IBUF (Prop_ibuf_I_O)         0.226     0.226 r  clk_IBUF_inst/O
                         net (fo=1, routed)           0.631     0.858    clk_IBUF
    BUFGCTRL_X0Y0        BUFG (Prop_bufg_I_O)         0.026     0.884 r  clk_IBUF_BUFG_inst/O
                         net (fo=98, routed)          0.556     1.439    moore/reloj_local/clk_IBUF_BUFG
    SLICE_X55Y22         FDCE                                         r  moore/reloj_local/segundos_reg[0]/C
  -------------------------------------------------------------------    -------------------
    SLICE_X55Y22         FDCE (Prop_fdce_C_Q)         0.141     1.580 r  moore/reloj_local/segundos_reg[0]/Q
                         net (fo=7, routed)           0.183     1.763    moore/reloj_local/segundos_reg_n_0_[0]
    SLICE_X54Y22         LUT6 (Prop_lut6_I5_O)        0.045     1.808 r  moore/reloj_local/segundos[3]_i_1/O
                         net (fo=1, routed)           0.000     1.808    moore/reloj_local/segundos[3]_i_1_n_0
    SLICE_X54Y22         FDCE                                         r  moore/reloj_local/segundos_reg[3]/D
  -------------------------------------------------------------------    -------------------

                         (clock sys_clk_pin rise edge)
                                                      0.000     0.000 r  
    W5                                                0.000     0.000 r  clk (IN)
                         net (fo=0)                   0.000     0.000    clk
    W5                   IBUF (Prop_ibuf_I_O)         0.414     0.414 r  clk_IBUF_inst/O
                         net (fo=1, routed)           0.685     1.099    clk_IBUF
    BUFGCTRL_X0Y0        BUFG (Prop_bufg_I_O)         0.029     1.128 r  clk_IBUF_BUFG_inst/O
                         net (fo=98, routed)          0.824     1.951    moore/reloj_local/clk_IBUF_BUFG
    SLICE_X54Y22         FDCE                                         r  moore/reloj_local/segundos_reg[3]/C
                         clock pessimism             -0.499     1.452    
    SLICE_X54Y22         FDCE (Hold_fdce_C_D)         0.121     1.573    moore/reloj_local/segundos_reg[3]
  -------------------------------------------------------------------
                         required time                         -1.573    
                         arrival time                           1.808    
  -------------------------------------------------------------------
                         slack                                  0.235    

Slack (MET) :             0.238ns  (arrival time - required time)
  Source:                 moore/reloj_local/segundos_reg[0]/C
                            (rising edge-triggered cell FDCE clocked by sys_clk_pin  {rise@0.000ns fall@5.000ns period=10.000ns})
  Destination:            moore/reloj_local/segundos_reg[2]/D
                            (rising edge-triggered cell FDCE clocked by sys_clk_pin  {rise@0.000ns fall@5.000ns period=10.000ns})
  Path Group:             sys_clk_pin
  Path Type:              Hold (Min at Fast Process Corner)
  Requirement:            0.000ns  (sys_clk_pin rise@0.000ns - sys_clk_pin rise@0.000ns)
  Data Path Delay:        0.371ns  (logic 0.186ns (50.201%)  route 0.185ns (49.799%))
  Logic Levels:           1  (LUT6=1)
  Clock Path Skew:        0.013ns (DCD - SCD - CPR)
    Destination Clock Delay (DCD):    1.951ns
    Source Clock Delay      (SCD):    1.439ns
    Clock Pessimism Removal (CPR):    0.499ns

    Location             Delay type                Incr(ns)  Path(ns)    Netlist Resource(s)
  -------------------------------------------------------------------    -------------------
                         (clock sys_clk_pin rise edge)
                                                      0.000     0.000 r  
    W5                                                0.000     0.000 r  clk (IN)
                         net (fo=0)                   0.000     0.000    clk
    W5                   IBUF (Prop_ibuf_I_O)         0.226     0.226 r  clk_IBUF_inst/O
                         net (fo=1, routed)           0.631     0.858    clk_IBUF
    BUFGCTRL_X0Y0        BUFG (Prop_bufg_I_O)         0.026     0.884 r  clk_IBUF_BUFG_inst/O
                         net (fo=98, routed)          0.556     1.439    moore/reloj_local/clk_IBUF_BUFG
    SLICE_X55Y22         FDCE                                         r  moore/reloj_local/segundos_reg[0]/C
  -------------------------------------------------------------------    -------------------
    SLICE_X55Y22         FDCE (Prop_fdce_C_Q)         0.141     1.580 r  moore/reloj_local/segundos_reg[0]/Q
                         net (fo=7, routed)           0.185     1.765    moore/reloj_local/segundos_reg_n_0_[0]
    SLICE_X54Y22         LUT6 (Prop_lut6_I4_O)        0.045     1.810 r  moore/reloj_local/segundos[2]_i_1/O
                         net (fo=1, routed)           0.000     1.810    moore/reloj_local/segundos[2]_i_1_n_0
    SLICE_X54Y22         FDCE                                         r  moore/reloj_local/segundos_reg[2]/D
  -------------------------------------------------------------------    -------------------

                         (clock sys_clk_pin rise edge)
                                                      0.000     0.000 r  
    W5                                                0.000     0.000 r  clk (IN)
                         net (fo=0)                   0.000     0.000    clk
    W5                   IBUF (Prop_ibuf_I_O)         0.414     0.414 r  clk_IBUF_inst/O
                         net (fo=1, routed)           0.685     1.099    clk_IBUF
    BUFGCTRL_X0Y0        BUFG (Prop_bufg_I_O)         0.029     1.128 r  clk_IBUF_BUFG_inst/O
                         net (fo=98, routed)          0.824     1.951    moore/reloj_local/clk_IBUF_BUFG
    SLICE_X54Y22         FDCE                                         r  moore/reloj_local/segundos_reg[2]/C
                         clock pessimism             -0.499     1.452    
    SLICE_X54Y22         FDCE (Hold_fdce_C_D)         0.120     1.572    moore/reloj_local/segundos_reg[2]
  -------------------------------------------------------------------
                         required time                         -1.572    
                         arrival time                           1.810    
  -------------------------------------------------------------------
                         slack                                  0.238    

Slack (MET) :             0.252ns  (arrival time - required time)
  Source:                 clk_scl/myreg_reg[11]/C
                            (rising edge-triggered cell FDRE clocked by sys_clk_pin  {rise@0.000ns fall@5.000ns period=10.000ns})
  Destination:            clk_scl/myreg_reg[11]/D
                            (rising edge-triggered cell FDRE clocked by sys_clk_pin  {rise@0.000ns fall@5.000ns period=10.000ns})
  Path Group:             sys_clk_pin
  Path Type:              Hold (Min at Fast Process Corner)
  Requirement:            0.000ns  (sys_clk_pin rise@0.000ns - sys_clk_pin rise@0.000ns)
  Data Path Delay:        0.357ns  (logic 0.249ns (69.714%)  route 0.108ns (30.286%))
  Logic Levels:           1  (CARRY4=1)
  Clock Path Skew:        0.000ns (DCD - SCD - CPR)
    Destination Clock Delay (DCD):    1.984ns
    Source Clock Delay      (SCD):    1.472ns
    Clock Pessimism Removal (CPR):    0.512ns

    Location             Delay type                Incr(ns)  Path(ns)    Netlist Resource(s)
  -------------------------------------------------------------------    -------------------
                         (clock sys_clk_pin rise edge)
                                                      0.000     0.000 r  
    W5                                                0.000     0.000 r  clk (IN)
                         net (fo=0)                   0.000     0.000    clk
    W5                   IBUF (Prop_ibuf_I_O)         0.226     0.226 r  clk_IBUF_inst/O
                         net (fo=1, routed)           0.631     0.858    clk_IBUF
    BUFGCTRL_X0Y0        BUFG (Prop_bufg_I_O)         0.026     0.884 r  clk_IBUF_BUFG_inst/O
                         net (fo=98, routed)          0.589     1.472    clk_scl/clk_IBUF_BUFG
    SLICE_X61Y16         FDRE                                         r  clk_scl/myreg_reg[11]/C
  -------------------------------------------------------------------    -------------------
    SLICE_X61Y16         FDRE (Prop_fdre_C_Q)         0.141     1.613 r  clk_scl/myreg_reg[11]/Q
                         net (fo=1, routed)           0.108     1.721    clk_scl/myreg_reg_n_0_[11]
    SLICE_X61Y16         CARRY4 (Prop_carry4_S[3]_O[3])
                                                      0.108     1.829 r  clk_scl/myreg_reg[8]_i_1/O[3]
                         net (fo=1, routed)           0.000     1.829    clk_scl/myreg_reg[8]_i_1_n_4
    SLICE_X61Y16         FDRE                                         r  clk_scl/myreg_reg[11]/D
  -------------------------------------------------------------------    -------------------

                         (clock sys_clk_pin rise edge)
                                                      0.000     0.000 r  
    W5                                                0.000     0.000 r  clk (IN)
                         net (fo=0)                   0.000     0.000    clk
    W5                   IBUF (Prop_ibuf_I_O)         0.414     0.414 r  clk_IBUF_inst/O
                         net (fo=1, routed)           0.685     1.099    clk_IBUF
    BUFGCTRL_X0Y0        BUFG (Prop_bufg_I_O)         0.029     1.128 r  clk_IBUF_BUFG_inst/O
                         net (fo=98, routed)          0.857     1.984    clk_scl/clk_IBUF_BUFG
    SLICE_X61Y16         FDRE                                         r  clk_scl/myreg_reg[11]/C
                         clock pessimism             -0.512     1.472    
    SLICE_X61Y16         FDRE (Hold_fdre_C_D)         0.105     1.577    clk_scl/myreg_reg[11]
  -------------------------------------------------------------------
                         required time                         -1.577    
                         arrival time                           1.829    
  -------------------------------------------------------------------
                         slack                                  0.252    

Slack (MET) :             0.252ns  (arrival time - required time)
  Source:                 clk_scl/myreg_reg[15]/C
                            (rising edge-triggered cell FDRE clocked by sys_clk_pin  {rise@0.000ns fall@5.000ns period=10.000ns})
  Destination:            clk_scl/myreg_reg[15]/D
                            (rising edge-triggered cell FDRE clocked by sys_clk_pin  {rise@0.000ns fall@5.000ns period=10.000ns})
  Path Group:             sys_clk_pin
  Path Type:              Hold (Min at Fast Process Corner)
  Requirement:            0.000ns  (sys_clk_pin rise@0.000ns - sys_clk_pin rise@0.000ns)
  Data Path Delay:        0.357ns  (logic 0.249ns (69.714%)  route 0.108ns (30.286%))
  Logic Levels:           1  (CARRY4=1)
  Clock Path Skew:        0.000ns (DCD - SCD - CPR)
    Destination Clock Delay (DCD):    1.983ns
    Source Clock Delay      (SCD):    1.471ns
    Clock Pessimism Removal (CPR):    0.512ns

    Location             Delay type                Incr(ns)  Path(ns)    Netlist Resource(s)
  -------------------------------------------------------------------    -------------------
                         (clock sys_clk_pin rise edge)
                                                      0.000     0.000 r  
    W5                                                0.000     0.000 r  clk (IN)
                         net (fo=0)                   0.000     0.000    clk
    W5                   IBUF (Prop_ibuf_I_O)         0.226     0.226 r  clk_IBUF_inst/O
                         net (fo=1, routed)           0.631     0.858    clk_IBUF
    BUFGCTRL_X0Y0        BUFG (Prop_bufg_I_O)         0.026     0.884 r  clk_IBUF_BUFG_inst/O
                         net (fo=98, routed)          0.588     1.471    clk_scl/clk_IBUF_BUFG
    SLICE_X61Y17         FDRE                                         r  clk_scl/myreg_reg[15]/C
  -------------------------------------------------------------------    -------------------
    SLICE_X61Y17         FDRE (Prop_fdre_C_Q)         0.141     1.612 r  clk_scl/myreg_reg[15]/Q
                         net (fo=1, routed)           0.108     1.720    clk_scl/myreg_reg_n_0_[15]
    SLICE_X61Y17         CARRY4 (Prop_carry4_S[3]_O[3])
                                                      0.108     1.828 r  clk_scl/myreg_reg[12]_i_1/O[3]
                         net (fo=1, routed)           0.000     1.828    clk_scl/myreg_reg[12]_i_1_n_4
    SLICE_X61Y17         FDRE                                         r  clk_scl/myreg_reg[15]/D
  -------------------------------------------------------------------    -------------------

                         (clock sys_clk_pin rise edge)
                                                      0.000     0.000 r  
    W5                                                0.000     0.000 r  clk (IN)
                         net (fo=0)                   0.000     0.000    clk
    W5                   IBUF (Prop_ibuf_I_O)         0.414     0.414 r  clk_IBUF_inst/O
                         net (fo=1, routed)           0.685     1.099    clk_IBUF
    BUFGCTRL_X0Y0        BUFG (Prop_bufg_I_O)         0.029     1.128 r  clk_IBUF_BUFG_inst/O
                         net (fo=98, routed)          0.856     1.983    clk_scl/clk_IBUF_BUFG
    SLICE_X61Y17         FDRE                                         r  clk_scl/myreg_reg[15]/C
                         clock pessimism             -0.512     1.471    
    SLICE_X61Y17         FDRE (Hold_fdre_C_D)         0.105     1.576    clk_scl/myreg_reg[15]
  -------------------------------------------------------------------
                         required time                         -1.576    
                         arrival time                           1.828    
  -------------------------------------------------------------------
                         slack                                  0.252    

Slack (MET) :             0.252ns  (arrival time - required time)
  Source:                 clk_scl/myreg_reg[19]/C
                            (rising edge-triggered cell FDRE clocked by sys_clk_pin  {rise@0.000ns fall@5.000ns period=10.000ns})
  Destination:            clk_scl/myreg_reg[19]/D
                            (rising edge-triggered cell FDRE clocked by sys_clk_pin  {rise@0.000ns fall@5.000ns period=10.000ns})
  Path Group:             sys_clk_pin
  Path Type:              Hold (Min at Fast Process Corner)
  Requirement:            0.000ns  (sys_clk_pin rise@0.000ns - sys_clk_pin rise@0.000ns)
  Data Path Delay:        0.357ns  (logic 0.249ns (69.714%)  route 0.108ns (30.286%))
  Logic Levels:           1  (CARRY4=1)
  Clock Path Skew:        0.000ns (DCD - SCD - CPR)
    Destination Clock Delay (DCD):    1.982ns
    Source Clock Delay      (SCD):    1.470ns
    Clock Pessimism Removal (CPR):    0.512ns

    Location             Delay type                Incr(ns)  Path(ns)    Netlist Resource(s)
  -------------------------------------------------------------------    -------------------
                         (clock sys_clk_pin rise edge)
                                                      0.000     0.000 r  
    W5                                                0.000     0.000 r  clk (IN)
                         net (fo=0)                   0.000     0.000    clk
    W5                   IBUF (Prop_ibuf_I_O)         0.226     0.226 r  clk_IBUF_inst/O
                         net (fo=1, routed)           0.631     0.858    clk_IBUF
    BUFGCTRL_X0Y0        BUFG (Prop_bufg_I_O)         0.026     0.884 r  clk_IBUF_BUFG_inst/O
                         net (fo=98, routed)          0.587     1.470    clk_scl/clk_IBUF_BUFG
    SLICE_X61Y18         FDRE                                         r  clk_scl/myreg_reg[19]/C
  -------------------------------------------------------------------    -------------------
    SLICE_X61Y18         FDRE (Prop_fdre_C_Q)         0.141     1.611 r  clk_scl/myreg_reg[19]/Q
                         net (fo=1, routed)           0.108     1.719    clk_scl/myreg_reg_n_0_[19]
    SLICE_X61Y18         CARRY4 (Prop_carry4_S[3]_O[3])
                                                      0.108     1.827 r  clk_scl/myreg_reg[16]_i_1/O[3]
                         net (fo=1, routed)           0.000     1.827    clk_scl/myreg_reg[16]_i_1_n_4
    SLICE_X61Y18         FDRE                                         r  clk_scl/myreg_reg[19]/D
  -------------------------------------------------------------------    -------------------

                         (clock sys_clk_pin rise edge)
                                                      0.000     0.000 r  
    W5                                                0.000     0.000 r  clk (IN)
                         net (fo=0)                   0.000     0.000    clk
    W5                   IBUF (Prop_ibuf_I_O)         0.414     0.414 r  clk_IBUF_inst/O
                         net (fo=1, routed)           0.685     1.099    clk_IBUF
    BUFGCTRL_X0Y0        BUFG (Prop_bufg_I_O)         0.029     1.128 r  clk_IBUF_BUFG_inst/O
                         net (fo=98, routed)          0.855     1.982    clk_scl/clk_IBUF_BUFG
    SLICE_X61Y18         FDRE                                         r  clk_scl/myreg_reg[19]/C
                         clock pessimism             -0.512     1.470    
    SLICE_X61Y18         FDRE (Hold_fdre_C_D)         0.105     1.575    clk_scl/myreg_reg[19]
  -------------------------------------------------------------------
                         required time                         -1.575    
                         arrival time                           1.827    
  -------------------------------------------------------------------
                         slack                                  0.252    

Slack (MET) :             0.252ns  (arrival time - required time)
  Source:                 clk_scl/myreg_reg[23]/C
                            (rising edge-triggered cell FDRE clocked by sys_clk_pin  {rise@0.000ns fall@5.000ns period=10.000ns})
  Destination:            clk_scl/myreg_reg[23]/D
                            (rising edge-triggered cell FDRE clocked by sys_clk_pin  {rise@0.000ns fall@5.000ns period=10.000ns})
  Path Group:             sys_clk_pin
  Path Type:              Hold (Min at Fast Process Corner)
  Requirement:            0.000ns  (sys_clk_pin rise@0.000ns - sys_clk_pin rise@0.000ns)
  Data Path Delay:        0.357ns  (logic 0.249ns (69.714%)  route 0.108ns (30.286%))
  Logic Levels:           1  (CARRY4=1)
  Clock Path Skew:        0.000ns (DCD - SCD - CPR)
    Destination Clock Delay (DCD):    1.981ns
    Source Clock Delay      (SCD):    1.469ns
    Clock Pessimism Removal (CPR):    0.512ns

    Location             Delay type                Incr(ns)  Path(ns)    Netlist Resource(s)
  -------------------------------------------------------------------    -------------------
                         (clock sys_clk_pin rise edge)
                                                      0.000     0.000 r  
    W5                                                0.000     0.000 r  clk (IN)
                         net (fo=0)                   0.000     0.000    clk
    W5                   IBUF (Prop_ibuf_I_O)         0.226     0.226 r  clk_IBUF_inst/O
                         net (fo=1, routed)           0.631     0.858    clk_IBUF
    BUFGCTRL_X0Y0        BUFG (Prop_bufg_I_O)         0.026     0.884 r  clk_IBUF_BUFG_inst/O
                         net (fo=98, routed)          0.586     1.469    clk_scl/clk_IBUF_BUFG
    SLICE_X61Y19         FDRE                                         r  clk_scl/myreg_reg[23]/C
  -------------------------------------------------------------------    -------------------
    SLICE_X61Y19         FDRE (Prop_fdre_C_Q)         0.141     1.610 r  clk_scl/myreg_reg[23]/Q
                         net (fo=1, routed)           0.108     1.718    clk_scl/myreg_reg_n_0_[23]
    SLICE_X61Y19         CARRY4 (Prop_carry4_S[3]_O[3])
                                                      0.108     1.826 r  clk_scl/myreg_reg[20]_i_1/O[3]
                         net (fo=1, routed)           0.000     1.826    clk_scl/myreg_reg[20]_i_1_n_4
    SLICE_X61Y19         FDRE                                         r  clk_scl/myreg_reg[23]/D
  -------------------------------------------------------------------    -------------------

                         (clock sys_clk_pin rise edge)
                                                      0.000     0.000 r  
    W5                                                0.000     0.000 r  clk (IN)
                         net (fo=0)                   0.000     0.000    clk
    W5                   IBUF (Prop_ibuf_I_O)         0.414     0.414 r  clk_IBUF_inst/O
                         net (fo=1, routed)           0.685     1.099    clk_IBUF
    BUFGCTRL_X0Y0        BUFG (Prop_bufg_I_O)         0.029     1.128 r  clk_IBUF_BUFG_inst/O
                         net (fo=98, routed)          0.854     1.981    clk_scl/clk_IBUF_BUFG
    SLICE_X61Y19         FDRE                                         r  clk_scl/myreg_reg[23]/C
                         clock pessimism             -0.512     1.469    
    SLICE_X61Y19         FDRE (Hold_fdre_C_D)         0.105     1.574    clk_scl/myreg_reg[23]
  -------------------------------------------------------------------
                         required time                         -1.574    
                         arrival time                           1.826    
  -------------------------------------------------------------------
                         slack                                  0.252    





Pulse Width Checks
--------------------------------------------------------------------------------------
Clock Name:         sys_clk_pin
Waveform(ns):       { 0.000 5.000 }
Period(ns):         10.000
Sources:            { clk }

Check Type        Corner  Lib Pin  Reference Pin  Required(ns)  Actual(ns)  Slack(ns)  Location       Pin
Min Period        n/a     BUFG/I   n/a            2.155         10.000      7.845      BUFGCTRL_X0Y0  clk_IBUF_BUFG_inst/I
Min Period        n/a     FDRE/C   n/a            1.000         10.000      9.000      SLICE_X58Y22   btnU_d_reg/C
Min Period        n/a     FDCE/C   n/a            1.000         10.000      9.000      SLICE_X59Y22   select_reg/C
Min Period        n/a     FDRE/C   n/a            1.000         10.000      9.000      SLICE_X61Y14   clk_scl/myreg_reg[0]/C
Min Period        n/a     FDRE/C   n/a            1.000         10.000      9.000      SLICE_X61Y16   clk_scl/myreg_reg[10]/C
Min Period        n/a     FDRE/C   n/a            1.000         10.000      9.000      SLICE_X61Y16   clk_scl/myreg_reg[11]/C
Min Period        n/a     FDRE/C   n/a            1.000         10.000      9.000      SLICE_X61Y17   clk_scl/myreg_reg[12]/C
Min Period        n/a     FDRE/C   n/a            1.000         10.000      9.000      SLICE_X61Y17   clk_scl/myreg_reg[13]/C
Min Period        n/a     FDRE/C   n/a            1.000         10.000      9.000      SLICE_X61Y17   clk_scl/myreg_reg[14]/C
Min Period        n/a     FDRE/C   n/a            1.000         10.000      9.000      SLICE_X61Y17   clk_scl/myreg_reg[15]/C
Low Pulse Width   Slow    FDRE/C   n/a            0.500         5.000       4.500      SLICE_X58Y22   btnU_d_reg/C
Low Pulse Width   Fast    FDRE/C   n/a            0.500         5.000       4.500      SLICE_X58Y22   btnU_d_reg/C
Low Pulse Width   Slow    FDCE/C   n/a            0.500         5.000       4.500      SLICE_X59Y22   select_reg/C
Low Pulse Width   Fast    FDCE/C   n/a            0.500         5.000       4.500      SLICE_X59Y22   select_reg/C
Low Pulse Width   Slow    FDRE/C   n/a            0.500         5.000       4.500      SLICE_X61Y14   clk_scl/myreg_reg[0]/C
Low Pulse Width   Fast    FDRE/C   n/a            0.500         5.000       4.500      SLICE_X61Y14   clk_scl/myreg_reg[0]/C
Low Pulse Width   Slow    FDRE/C   n/a            0.500         5.000       4.500      SLICE_X61Y16   clk_scl/myreg_reg[10]/C
Low Pulse Width   Fast    FDRE/C   n/a            0.500         5.000       4.500      SLICE_X61Y16   clk_scl/myreg_reg[10]/C
Low Pulse Width   Slow    FDRE/C   n/a            0.500         5.000       4.500      SLICE_X61Y16   clk_scl/myreg_reg[11]/C
Low Pulse Width   Fast    FDRE/C   n/a            0.500         5.000       4.500      SLICE_X61Y16   clk_scl/myreg_reg[11]/C
High Pulse Width  Slow    FDRE/C   n/a            0.500         5.000       4.500      SLICE_X58Y22   btnU_d_reg/C
High Pulse Width  Fast    FDRE/C   n/a            0.500         5.000       4.500      SLICE_X58Y22   btnU_d_reg/C
High Pulse Width  Slow    FDCE/C   n/a            0.500         5.000       4.500      SLICE_X59Y22   select_reg/C
High Pulse Width  Fast    FDCE/C   n/a            0.500         5.000       4.500      SLICE_X59Y22   select_reg/C
High Pulse Width  Slow    FDRE/C   n/a            0.500         5.000       4.500      SLICE_X61Y14   clk_scl/myreg_reg[0]/C
High Pulse Width  Fast    FDRE/C   n/a            0.500         5.000       4.500      SLICE_X61Y14   clk_scl/myreg_reg[0]/C
High Pulse Width  Slow    FDRE/C   n/a            0.500         5.000       4.500      SLICE_X61Y16   clk_scl/myreg_reg[10]/C
High Pulse Width  Fast    FDRE/C   n/a            0.500         5.000       4.500      SLICE_X61Y16   clk_scl/myreg_reg[10]/C
High Pulse Width  Slow    FDRE/C   n/a            0.500         5.000       4.500      SLICE_X61Y16   clk_scl/myreg_reg[11]/C
High Pulse Width  Fast    FDRE/C   n/a            0.500         5.000       4.500      SLICE_X61Y16   clk_scl/myreg_reg[11]/C



--------------------------------------------------------------------------------------
Path Group:  (none)
From Clock:  
  To Clock:  

Max Delay            18 Endpoints
Min Delay            18 Endpoints
--------------------------------------------------------------------------------------


Max Delay Paths
--------------------------------------------------------------------------------------
Slack:                    inf
  Source:                 sw[1]
                            (input port)
  Destination:            led
                            (output port)
  Path Group:             (none)
  Path Type:              Max at Slow Process Corner
  Data Path Delay:        11.903ns  (logic 5.090ns (42.763%)  route 6.813ns (57.237%))
  Logic Levels:           3  (IBUF=1 LUT3=1 OBUF=1)

    Location             Delay type                Incr(ns)  Path(ns)    Netlist Resource(s)
  -------------------------------------------------------------------    -------------------
    V16                                               0.000     0.000 r  sw[1] (IN)
                         net (fo=0)                   0.000     0.000    sw[1]
    V16                  IBUF (Prop_ibuf_I_O)         1.461     1.461 r  sw_IBUF[1]_inst/O
                         net (fo=5, routed)           3.133     4.594    moore/sw_IBUF[1]
    SLICE_X56Y21         LUT3 (Prop_lut3_I0_O)        0.124     4.718 r  moore/led_OBUF_inst_i_1/O
                         net (fo=1, routed)           3.680     8.398    led_OBUF
    U16                  OBUF (Prop_obuf_I_O)         3.505    11.903 r  led_OBUF_inst/O
                         net (fo=0)                   0.000    11.903    led
    U16                                                               r  led (OUT)
  -------------------------------------------------------------------    -------------------

Slack:                    inf
  Source:                 moore/dread_reg[0]/C
                            (rising edge-triggered cell FDCE)
  Destination:            seg[4]
                            (output port)
  Path Group:             (none)
  Path Type:              Max at Slow Process Corner
  Data Path Delay:        8.625ns  (logic 4.646ns (53.867%)  route 3.979ns (46.133%))
  Logic Levels:           5  (FDCE=1 LUT4=1 LUT6=2 OBUF=1)

    Location             Delay type                Incr(ns)  Path(ns)    Netlist Resource(s)
  -------------------------------------------------------------------    -------------------
    SLICE_X60Y21         FDCE                         0.000     0.000 r  moore/dread_reg[0]/C
    SLICE_X60Y21         FDCE (Prop_fdce_C_Q)         0.518     0.518 r  moore/dread_reg[0]/Q
                         net (fo=3, routed)           0.647     1.165    moore/reloj_local/seg_OBUF[6]_inst_i_2_0
    SLICE_X61Y23         LUT6 (Prop_lut6_I5_O)        0.124     1.289 r  moore/reloj_local/seg_OBUF[6]_inst_i_6/O
                         net (fo=1, routed)           0.581     1.869    moore/reloj_local/seg_OBUF[6]_inst_i_6_n_0
    SLICE_X62Y23         LUT6 (Prop_lut6_I5_O)        0.124     1.993 f  moore/reloj_local/seg_OBUF[6]_inst_i_2/O
                         net (fo=7, routed)           1.035     3.029    moore/reloj_local/seg_OBUF[6]_inst_i_2_n_0
    SLICE_X64Y22         LUT4 (Prop_lut4_I3_O)        0.153     3.182 r  moore/reloj_local/seg_OBUF[4]_inst_i_1/O
                         net (fo=1, routed)           1.716     4.898    seg_OBUF[4]
    U5                   OBUF (Prop_obuf_I_O)         3.727     8.625 r  seg_OBUF[4]_inst/O
                         net (fo=0)                   0.000     8.625    seg[4]
    U5                                                                r  seg[4] (OUT)
  -------------------------------------------------------------------    -------------------

Slack:                    inf
  Source:                 moore/dread_reg[0]/C
                            (rising edge-triggered cell FDCE)
  Destination:            seg[5]
                            (output port)
  Path Group:             (none)
  Path Type:              Max at Slow Process Corner
  Data Path Delay:        8.594ns  (logic 4.620ns (53.766%)  route 3.973ns (46.234%))
  Logic Levels:           5  (FDCE=1 LUT4=1 LUT6=2 OBUF=1)

    Location             Delay type                Incr(ns)  Path(ns)    Netlist Resource(s)
  -------------------------------------------------------------------    -------------------
    SLICE_X60Y21         FDCE                         0.000     0.000 r  moore/dread_reg[0]/C
    SLICE_X60Y21         FDCE (Prop_fdce_C_Q)         0.518     0.518 r  moore/dread_reg[0]/Q
                         net (fo=3, routed)           0.647     1.165    moore/reloj_local/seg_OBUF[6]_inst_i_2_0
    SLICE_X61Y23         LUT6 (Prop_lut6_I5_O)        0.124     1.289 r  moore/reloj_local/seg_OBUF[6]_inst_i_6/O
                         net (fo=1, routed)           0.581     1.869    moore/reloj_local/seg_OBUF[6]_inst_i_6_n_0
    SLICE_X62Y23         LUT6 (Prop_lut6_I5_O)        0.124     1.993 f  moore/reloj_local/seg_OBUF[6]_inst_i_2/O
                         net (fo=7, routed)           0.837     2.830    moore/reloj_local/seg_OBUF[6]_inst_i_2_n_0
    SLICE_X64Y22         LUT4 (Prop_lut4_I3_O)        0.146     2.976 r  moore/reloj_local/seg_OBUF[5]_inst_i_1/O
                         net (fo=1, routed)           1.909     4.885    seg_OBUF[5]
    V5                   OBUF (Prop_obuf_I_O)         3.708     8.594 r  seg_OBUF[5]_inst/O
                         net (fo=0)                   0.000     8.594    seg[5]
    V5                                                                r  seg[5] (OUT)
  -------------------------------------------------------------------    -------------------

Slack:                    inf
  Source:                 moore/dread_reg[1]/C
                            (rising edge-triggered cell FDCE)
  Destination:            seg[2]
                            (output port)
  Path Group:             (none)
  Path Type:              Max at Slow Process Corner
  Data Path Delay:        8.396ns  (logic 4.808ns (57.270%)  route 3.587ns (42.730%))
  Logic Levels:           5  (FDCE=1 LUT4=1 LUT6=2 OBUF=1)

    Location             Delay type                Incr(ns)  Path(ns)    Netlist Resource(s)
  -------------------------------------------------------------------    -------------------
    SLICE_X60Y21         FDCE                         0.000     0.000 r  moore/dread_reg[1]/C
    SLICE_X60Y21         FDCE (Prop_fdce_C_Q)         0.478     0.478 r  moore/dread_reg[1]/Q
                         net (fo=3, routed)           0.795     1.273    moore/reloj_local/seg_OBUF[6]_inst_i_3_0
    SLICE_X61Y23         LUT6 (Prop_lut6_I5_O)        0.295     1.568 r  moore/reloj_local/seg_OBUF[6]_inst_i_7/O
                         net (fo=1, routed)           0.320     1.889    moore/reloj_local/seg_OBUF[6]_inst_i_7_n_0
    SLICE_X62Y22         LUT6 (Prop_lut6_I0_O)        0.124     2.013 r  moore/reloj_local/seg_OBUF[6]_inst_i_3/O
                         net (fo=7, routed)           0.809     2.821    moore/reloj_local/seg_OBUF[6]_inst_i_3_n_0
    SLICE_X64Y22         LUT4 (Prop_lut4_I0_O)        0.152     2.973 r  moore/reloj_local/seg_OBUF[2]_inst_i_1/O
                         net (fo=1, routed)           1.663     4.636    seg_OBUF[2]
    U8                   OBUF (Prop_obuf_I_O)         3.759     8.396 r  seg_OBUF[2]_inst/O
                         net (fo=0)                   0.000     8.396    seg[2]
    U8                                                                r  seg[2] (OUT)
  -------------------------------------------------------------------    -------------------

Slack:                    inf
  Source:                 moore/dread_reg[0]/C
                            (rising edge-triggered cell FDCE)
  Destination:            seg[3]
                            (output port)
  Path Group:             (none)
  Path Type:              Max at Slow Process Corner
  Data Path Delay:        8.362ns  (logic 4.426ns (52.924%)  route 3.937ns (47.076%))
  Logic Levels:           5  (FDCE=1 LUT4=1 LUT6=2 OBUF=1)

    Location             Delay type                Incr(ns)  Path(ns)    Netlist Resource(s)
  -------------------------------------------------------------------    -------------------
    SLICE_X60Y21         FDCE                         0.000     0.000 r  moore/dread_reg[0]/C
    SLICE_X60Y21         FDCE (Prop_fdce_C_Q)         0.518     0.518 f  moore/dread_reg[0]/Q
                         net (fo=3, routed)           0.647     1.165    moore/reloj_local/seg_OBUF[6]_inst_i_2_0
    SLICE_X61Y23         LUT6 (Prop_lut6_I5_O)        0.124     1.289 f  moore/reloj_local/seg_OBUF[6]_inst_i_6/O
                         net (fo=1, routed)           0.581     1.869    moore/reloj_local/seg_OBUF[6]_inst_i_6_n_0
    SLICE_X62Y23         LUT6 (Prop_lut6_I5_O)        0.124     1.993 r  moore/reloj_local/seg_OBUF[6]_inst_i_2/O
                         net (fo=7, routed)           1.035     3.029    moore/reloj_local/seg_OBUF[6]_inst_i_2_n_0
    SLICE_X64Y22         LUT4 (Prop_lut4_I2_O)        0.124     3.153 r  moore/reloj_local/seg_OBUF[3]_inst_i_1/O
                         net (fo=1, routed)           1.674     4.827    seg_OBUF[3]
    V8                   OBUF (Prop_obuf_I_O)         3.536     8.362 r  seg_OBUF[3]_inst/O
                         net (fo=0)                   0.000     8.362    seg[3]
    V8                                                                r  seg[3] (OUT)
  -------------------------------------------------------------------    -------------------

Slack:                    inf
  Source:                 moore/dread_reg[0]/C
                            (rising edge-triggered cell FDCE)
  Destination:            seg[0]
                            (output port)
  Path Group:             (none)
  Path Type:              Max at Slow Process Corner
  Data Path Delay:        8.294ns  (logic 4.401ns (53.062%)  route 3.893ns (46.938%))
  Logic Levels:           5  (FDCE=1 LUT4=1 LUT6=2 OBUF=1)

    Location             Delay type                Incr(ns)  Path(ns)    Netlist Resource(s)
  -------------------------------------------------------------------    -------------------
    SLICE_X60Y21         FDCE                         0.000     0.000 r  moore/dread_reg[0]/C
    SLICE_X60Y21         FDCE (Prop_fdce_C_Q)         0.518     0.518 f  moore/dread_reg[0]/Q
                         net (fo=3, routed)           0.647     1.165    moore/reloj_local/seg_OBUF[6]_inst_i_2_0
    SLICE_X61Y23         LUT6 (Prop_lut6_I5_O)        0.124     1.289 f  moore/reloj_local/seg_OBUF[6]_inst_i_6/O
                         net (fo=1, routed)           0.581     1.869    moore/reloj_local/seg_OBUF[6]_inst_i_6_n_0
    SLICE_X62Y23         LUT6 (Prop_lut6_I5_O)        0.124     1.993 r  moore/reloj_local/seg_OBUF[6]_inst_i_2/O
                         net (fo=7, routed)           0.837     2.830    moore/reloj_local/seg_OBUF[6]_inst_i_2_n_0
    SLICE_X64Y22         LUT4 (Prop_lut4_I1_O)        0.124     2.954 r  moore/reloj_local/seg_OBUF[0]_inst_i_1/O
                         net (fo=1, routed)           1.829     4.783    seg_OBUF[0]
    W7                   OBUF (Prop_obuf_I_O)         3.511     8.294 r  seg_OBUF[0]_inst/O
                         net (fo=0)                   0.000     8.294    seg[0]
    W7                                                                r  seg[0] (OUT)
  -------------------------------------------------------------------    -------------------

Slack:                    inf
  Source:                 moore/dread_reg[1]/C
                            (rising edge-triggered cell FDCE)
  Destination:            seg[6]
                            (output port)
  Path Group:             (none)
  Path Type:              Max at Slow Process Corner
  Data Path Delay:        8.270ns  (logic 4.552ns (55.047%)  route 3.718ns (44.953%))
  Logic Levels:           5  (FDCE=1 LUT4=1 LUT6=2 OBUF=1)

    Location             Delay type                Incr(ns)  Path(ns)    Netlist Resource(s)
  -------------------------------------------------------------------    -------------------
    SLICE_X60Y21         FDCE                         0.000     0.000 r  moore/dread_reg[1]/C
    SLICE_X60Y21         FDCE (Prop_fdce_C_Q)         0.478     0.478 r  moore/dread_reg[1]/Q
                         net (fo=3, routed)           0.795     1.273    moore/reloj_local/seg_OBUF[6]_inst_i_3_0
    SLICE_X61Y23         LUT6 (Prop_lut6_I5_O)        0.295     1.568 r  moore/reloj_local/seg_OBUF[6]_inst_i_7/O
                         net (fo=1, routed)           0.320     1.889    moore/reloj_local/seg_OBUF[6]_inst_i_7_n_0
    SLICE_X62Y22         LUT6 (Prop_lut6_I0_O)        0.124     2.013 r  moore/reloj_local/seg_OBUF[6]_inst_i_3/O
                         net (fo=7, routed)           0.680     2.692    moore/reloj_local/seg_OBUF[6]_inst_i_3_n_0
    SLICE_X64Y22         LUT4 (Prop_lut4_I1_O)        0.124     2.816 r  moore/reloj_local/seg_OBUF[6]_inst_i_1/O
                         net (fo=1, routed)           1.922     4.739    seg_OBUF[6]
    U7                   OBUF (Prop_obuf_I_O)         3.531     8.270 r  seg_OBUF[6]_inst/O
                         net (fo=0)                   0.000     8.270    seg[6]
    U7                                                                r  seg[6] (OUT)
  -------------------------------------------------------------------    -------------------

Slack:                    inf
  Source:                 moore/dread_reg[1]/C
                            (rising edge-triggered cell FDCE)
  Destination:            seg[1]
                            (output port)
  Path Group:             (none)
  Path Type:              Max at Slow Process Corner
  Data Path Delay:        8.142ns  (logic 4.550ns (55.884%)  route 3.592ns (44.116%))
  Logic Levels:           5  (FDCE=1 LUT4=1 LUT6=2 OBUF=1)

    Location             Delay type                Incr(ns)  Path(ns)    Netlist Resource(s)
  -------------------------------------------------------------------    -------------------
    SLICE_X60Y21         FDCE                         0.000     0.000 r  moore/dread_reg[1]/C
    SLICE_X60Y21         FDCE (Prop_fdce_C_Q)         0.478     0.478 r  moore/dread_reg[1]/Q
                         net (fo=3, routed)           0.795     1.273    moore/reloj_local/seg_OBUF[6]_inst_i_3_0
    SLICE_X61Y23         LUT6 (Prop_lut6_I5_O)        0.295     1.568 r  moore/reloj_local/seg_OBUF[6]_inst_i_7/O
                         net (fo=1, routed)           0.320     1.889    moore/reloj_local/seg_OBUF[6]_inst_i_7_n_0
    SLICE_X62Y22         LUT6 (Prop_lut6_I0_O)        0.124     2.013 r  moore/reloj_local/seg_OBUF[6]_inst_i_3/O
                         net (fo=7, routed)           0.809     2.821    moore/reloj_local/seg_OBUF[6]_inst_i_3_n_0
    SLICE_X64Y22         LUT4 (Prop_lut4_I1_O)        0.124     2.945 r  moore/reloj_local/seg_OBUF[1]_inst_i_1/O
                         net (fo=1, routed)           1.668     4.613    seg_OBUF[1]
    W6                   OBUF (Prop_obuf_I_O)         3.529     8.142 r  seg_OBUF[1]_inst/O
                         net (fo=0)                   0.000     8.142    seg[1]
    W6                                                                r  seg[1] (OUT)
  -------------------------------------------------------------------    -------------------

Slack:                    inf
  Source:                 sw[1]
                            (input port)
  Destination:            moore/dread_reg[0]/D
  Path Group:             (none)
  Path Type:              Max at Slow Process Corner
  Data Path Delay:        5.099ns  (logic 1.709ns (33.520%)  route 3.390ns (66.480%))
  Logic Levels:           3  (IBUF=1 LUT4=2)

    Location             Delay type                Incr(ns)  Path(ns)    Netlist Resource(s)
  -------------------------------------------------------------------    -------------------
    V16                                               0.000     0.000 r  sw[1] (IN)
                         net (fo=0)                   0.000     0.000    sw[1]
    V16                  IBUF (Prop_ibuf_I_O)         1.461     1.461 r  sw_IBUF[1]_inst/O
                         net (fo=5, routed)           2.749     4.210    moore/sw_IBUF[1]
    SLICE_X56Y21         LUT4 (Prop_lut4_I3_O)        0.124     4.334 r  moore/dread[1]_i_2/O
                         net (fo=2, routed)           0.641     4.975    moore/dread[1]_i_2_n_0
    SLICE_X60Y21         LUT4 (Prop_lut4_I3_O)        0.124     5.099 r  moore/dread[0]_i_1/O
                         net (fo=1, routed)           0.000     5.099    moore/dread[0]_i_1_n_0
    SLICE_X60Y21         FDCE                                         r  moore/dread_reg[0]/D
  -------------------------------------------------------------------    -------------------

Slack:                    inf
  Source:                 sw[1]
                            (input port)
  Destination:            moore/dread_reg[1]/D
  Path Group:             (none)
  Path Type:              Max at Slow Process Corner
  Data Path Delay:        5.091ns  (logic 1.701ns (33.415%)  route 3.390ns (66.585%))
  Logic Levels:           3  (IBUF=1 LUT4=2)

    Location             Delay type                Incr(ns)  Path(ns)    Netlist Resource(s)
  -------------------------------------------------------------------    -------------------
    V16                                               0.000     0.000 f  sw[1] (IN)
                         net (fo=0)                   0.000     0.000    sw[1]
    V16                  IBUF (Prop_ibuf_I_O)         1.461     1.461 f  sw_IBUF[1]_inst/O
                         net (fo=5, routed)           2.749     4.210    moore/sw_IBUF[1]
    SLICE_X56Y21         LUT4 (Prop_lut4_I3_O)        0.124     4.334 f  moore/dread[1]_i_2/O
                         net (fo=2, routed)           0.641     4.975    moore/dread[1]_i_2_n_0
    SLICE_X60Y21         LUT4 (Prop_lut4_I3_O)        0.116     5.091 r  moore/dread[1]_i_1/O
                         net (fo=1, routed)           0.000     5.091    moore/dread[1]_i_1_n_0
    SLICE_X60Y21         FDCE                                         r  moore/dread_reg[1]/D
  -------------------------------------------------------------------    -------------------





Min Delay Paths
--------------------------------------------------------------------------------------
Slack:                    inf
  Source:                 moore/dread_reg[0]/C
                            (rising edge-triggered cell FDCE)
  Destination:            moore/dread_reg[1]/D
  Path Group:             (none)
  Path Type:              Min at Fast Process Corner
  Data Path Delay:        0.382ns  (logic 0.207ns (54.146%)  route 0.175ns (45.854%))
  Logic Levels:           2  (FDCE=1 LUT4=1)

    Location             Delay type                Incr(ns)  Path(ns)    Netlist Resource(s)
  -------------------------------------------------------------------    -------------------
    SLICE_X60Y21         FDCE                         0.000     0.000 r  moore/dread_reg[0]/C
    SLICE_X60Y21         FDCE (Prop_fdce_C_Q)         0.164     0.164 r  moore/dread_reg[0]/Q
                         net (fo=3, routed)           0.175     0.339    moore/dread_reg_n_0_[0]
    SLICE_X60Y21         LUT4 (Prop_lut4_I1_O)        0.043     0.382 r  moore/dread[1]_i_1/O
                         net (fo=1, routed)           0.000     0.382    moore/dread[1]_i_1_n_0
    SLICE_X60Y21         FDCE                                         r  moore/dread_reg[1]/D
  -------------------------------------------------------------------    -------------------

Slack:                    inf
  Source:                 moore/dread_reg[0]/C
                            (rising edge-triggered cell FDCE)
  Destination:            moore/dread_reg[0]/D
  Path Group:             (none)
  Path Type:              Min at Fast Process Corner
  Data Path Delay:        0.384ns  (logic 0.209ns (54.384%)  route 0.175ns (45.616%))
  Logic Levels:           2  (FDCE=1 LUT4=1)

    Location             Delay type                Incr(ns)  Path(ns)    Netlist Resource(s)
  -------------------------------------------------------------------    -------------------
    SLICE_X60Y21         FDCE                         0.000     0.000 r  moore/dread_reg[0]/C
    SLICE_X60Y21         FDCE (Prop_fdce_C_Q)         0.164     0.164 r  moore/dread_reg[0]/Q
                         net (fo=3, routed)           0.175     0.339    moore/dread_reg_n_0_[0]
    SLICE_X60Y21         LUT4 (Prop_lut4_I1_O)        0.045     0.384 r  moore/dread[0]_i_1/O
                         net (fo=1, routed)           0.000     0.384    moore/dread[0]_i_1_n_0
    SLICE_X60Y21         FDCE                                         r  moore/dread_reg[0]/D
  -------------------------------------------------------------------    -------------------

Slack:                    inf
  Source:                 moore/FSM_sequential_state_reg[0]/C
                            (rising edge-triggered cell FDCE)
  Destination:            mealy/FSM_sequential_current_state_reg/D
  Path Group:             (none)
  Path Type:              Min at Fast Process Corner
  Data Path Delay:        0.393ns  (logic 0.207ns (52.626%)  route 0.186ns (47.374%))
  Logic Levels:           2  (FDCE=1 LUT4=1)

    Location             Delay type                Incr(ns)  Path(ns)    Netlist Resource(s)
  -------------------------------------------------------------------    -------------------
    SLICE_X56Y21         FDCE                         0.000     0.000 r  moore/FSM_sequential_state_reg[0]/C
    SLICE_X56Y21         FDCE (Prop_fdce_C_Q)         0.164     0.164 r  moore/FSM_sequential_state_reg[0]/Q
                         net (fo=5, routed)           0.186     0.350    moore/L_out[0]
    SLICE_X56Y21         LUT4 (Prop_lut4_I1_O)        0.043     0.393 r  moore/FSM_sequential_current_state_i_1/O
                         net (fo=1, routed)           0.000     0.393    mealy/FSM_sequential_current_state_reg_0
    SLICE_X56Y21         FDCE                                         r  mealy/FSM_sequential_current_state_reg/D
  -------------------------------------------------------------------    -------------------

Slack:                    inf
  Source:                 moore/FSM_sequential_state_reg[0]/C
                            (rising edge-triggered cell FDCE)
  Destination:            moore/FSM_sequential_state_reg[1]/D
  Path Group:             (none)
  Path Type:              Min at Fast Process Corner
  Data Path Delay:        0.393ns  (logic 0.207ns (52.626%)  route 0.186ns (47.374%))
  Logic Levels:           2  (FDCE=1 LUT5=1)

    Location             Delay type                Incr(ns)  Path(ns)    Netlist Resource(s)
  -------------------------------------------------------------------    -------------------
    SLICE_X56Y21         FDCE                         0.000     0.000 r  moore/FSM_sequential_state_reg[0]/C
    SLICE_X56Y21         FDCE (Prop_fdce_C_Q)         0.164     0.164 r  moore/FSM_sequential_state_reg[0]/Q
                         net (fo=5, routed)           0.186     0.350    moore/L_out[0]
    SLICE_X56Y21         LUT5 (Prop_lut5_I2_O)        0.043     0.393 r  moore/FSM_sequential_state[1]_i_1/O
                         net (fo=1, routed)           0.000     0.393    moore/nextstate[1]
    SLICE_X56Y21         FDCE                                         r  moore/FSM_sequential_state_reg[1]/D
  -------------------------------------------------------------------    -------------------

Slack:                    inf
  Source:                 moore/FSM_sequential_state_reg[0]/C
                            (rising edge-triggered cell FDCE)
  Destination:            moore/FSM_sequential_state_reg[0]/D
  Path Group:             (none)
  Path Type:              Min at Fast Process Corner
  Data Path Delay:        0.395ns  (logic 0.209ns (52.866%)  route 0.186ns (47.134%))
  Logic Levels:           2  (FDCE=1 LUT5=1)

    Location             Delay type                Incr(ns)  Path(ns)    Netlist Resource(s)
  -------------------------------------------------------------------    -------------------
    SLICE_X56Y21         FDCE                         0.000     0.000 r  moore/FSM_sequential_state_reg[0]/C
    SLICE_X56Y21         FDCE (Prop_fdce_C_Q)         0.164     0.164 r  moore/FSM_sequential_state_reg[0]/Q
                         net (fo=5, routed)           0.186     0.350    moore/L_out[0]
    SLICE_X56Y21         LUT5 (Prop_lut5_I1_O)        0.045     0.395 r  moore/FSM_sequential_state[0]_i_1/O
                         net (fo=1, routed)           0.000     0.395    moore/nextstate[0]
    SLICE_X56Y21         FDCE                                         r  moore/FSM_sequential_state_reg[0]/D
  -------------------------------------------------------------------    -------------------

Slack:                    inf
  Source:                 reset
                            (input port)
  Destination:            mealy/FSM_sequential_current_state_reg/CLR
  Path Group:             (none)
  Path Type:              Min at Fast Process Corner
  Data Path Delay:        1.510ns  (logic 0.210ns (13.873%)  route 1.301ns (86.127%))
  Logic Levels:           1  (IBUF=1)

    Location             Delay type                Incr(ns)  Path(ns)    Netlist Resource(s)
  -------------------------------------------------------------------    -------------------
    U18                                               0.000     0.000 f  reset (IN)
                         net (fo=0)                   0.000     0.000    reset
    U18                  IBUF (Prop_ibuf_I_O)         0.210     0.210 f  reset_IBUF_inst/O
                         net (fo=55, routed)          1.301     1.510    mealy/AR[0]
    SLICE_X56Y21         FDCE                                         f  mealy/FSM_sequential_current_state_reg/CLR
  -------------------------------------------------------------------    -------------------

Slack:                    inf
  Source:                 reset
                            (input port)
  Destination:            moore/FSM_sequential_state_reg[0]/CLR
  Path Group:             (none)
  Path Type:              Min at Fast Process Corner
  Data Path Delay:        1.510ns  (logic 0.210ns (13.873%)  route 1.301ns (86.127%))
  Logic Levels:           1  (IBUF=1)

    Location             Delay type                Incr(ns)  Path(ns)    Netlist Resource(s)
  -------------------------------------------------------------------    -------------------
    U18                                               0.000     0.000 f  reset (IN)
                         net (fo=0)                   0.000     0.000    reset
    U18                  IBUF (Prop_ibuf_I_O)         0.210     0.210 f  reset_IBUF_inst/O
                         net (fo=55, routed)          1.301     1.510    moore/AR[0]
    SLICE_X56Y21         FDCE                                         f  moore/FSM_sequential_state_reg[0]/CLR
  -------------------------------------------------------------------    -------------------

Slack:                    inf
  Source:                 reset
                            (input port)
  Destination:            moore/FSM_sequential_state_reg[1]/CLR
  Path Group:             (none)
  Path Type:              Min at Fast Process Corner
  Data Path Delay:        1.510ns  (logic 0.210ns (13.873%)  route 1.301ns (86.127%))
  Logic Levels:           1  (IBUF=1)

    Location             Delay type                Incr(ns)  Path(ns)    Netlist Resource(s)
  -------------------------------------------------------------------    -------------------
    U18                                               0.000     0.000 f  reset (IN)
                         net (fo=0)                   0.000     0.000    reset
    U18                  IBUF (Prop_ibuf_I_O)         0.210     0.210 f  reset_IBUF_inst/O
                         net (fo=55, routed)          1.301     1.510    moore/AR[0]
    SLICE_X56Y21         FDCE                                         f  moore/FSM_sequential_state_reg[1]/CLR
  -------------------------------------------------------------------    -------------------

Slack:                    inf
  Source:                 reset
                            (input port)
  Destination:            moore/dread_reg[0]/CLR
  Path Group:             (none)
  Path Type:              Min at Fast Process Corner
  Data Path Delay:        1.835ns  (logic 0.210ns (11.418%)  route 1.625ns (88.582%))
  Logic Levels:           1  (IBUF=1)

    Location             Delay type                Incr(ns)  Path(ns)    Netlist Resource(s)
  -------------------------------------------------------------------    -------------------
    U18                                               0.000     0.000 f  reset (IN)
                         net (fo=0)                   0.000     0.000    reset
    U18                  IBUF (Prop_ibuf_I_O)         0.210     0.210 f  reset_IBUF_inst/O
                         net (fo=55, routed)          1.625     1.835    moore/AR[0]
    SLICE_X60Y21         FDCE                                         f  moore/dread_reg[0]/CLR
  -------------------------------------------------------------------    -------------------

Slack:                    inf
  Source:                 reset
                            (input port)
  Destination:            moore/dread_reg[1]/CLR
  Path Group:             (none)
  Path Type:              Min at Fast Process Corner
  Data Path Delay:        1.835ns  (logic 0.210ns (11.418%)  route 1.625ns (88.582%))
  Logic Levels:           1  (IBUF=1)

    Location             Delay type                Incr(ns)  Path(ns)    Netlist Resource(s)
  -------------------------------------------------------------------    -------------------
    U18                                               0.000     0.000 f  reset (IN)
                         net (fo=0)                   0.000     0.000    reset
    U18                  IBUF (Prop_ibuf_I_O)         0.210     0.210 f  reset_IBUF_inst/O
                         net (fo=55, routed)          1.625     1.835    moore/AR[0]
    SLICE_X60Y21         FDCE                                         f  moore/dread_reg[1]/CLR
  -------------------------------------------------------------------    -------------------





--------------------------------------------------------------------------------------
Path Group:  (none)
From Clock:  sys_clk_pin
  To Clock:  

Max Delay            11 Endpoints
Min Delay            11 Endpoints
--------------------------------------------------------------------------------------


Max Delay Paths
--------------------------------------------------------------------------------------
Slack:                    inf
  Source:                 select_reg/C
                            (rising edge-triggered cell FDCE clocked by sys_clk_pin  {rise@0.000ns fall@5.000ns period=10.000ns})
  Destination:            seg[4]
                            (output port)
  Path Group:             (none)
  Path Type:              Max at Slow Process Corner
  Data Path Delay:        9.255ns  (logic 4.584ns (49.528%)  route 4.671ns (50.472%))
  Logic Levels:           4  (LUT4=1 LUT6=2 OBUF=1)
  Clock Uncertainty:      0.025ns  ((TSJ^2 + TIJ^2)^1/2 + DJ) / 2 + PE
    Total System Jitter     (TSJ):    0.050ns
    Total Input Jitter      (TIJ):    0.000ns
    Discrete Jitter          (DJ):    0.000ns
    Phase Error              (PE):    0.000ns

    Location             Delay type                Incr(ns)  Path(ns)    Netlist Resource(s)
  -------------------------------------------------------------------    -------------------
                         (clock sys_clk_pin rise edge)
                                                      0.000     0.000 r  
    W5                                                0.000     0.000 r  clk (IN)
                         net (fo=0)                   0.000     0.000    clk
    W5                   IBUF (Prop_ibuf_I_O)         1.458     1.458 r  clk_IBUF_inst/O
                         net (fo=1, routed)           1.967     3.425    clk_IBUF
    BUFGCTRL_X0Y0        BUFG (Prop_bufg_I_O)         0.096     3.521 r  clk_IBUF_BUFG_inst/O
                         net (fo=98, routed)          1.620     5.141    clk_IBUF_BUFG
    SLICE_X59Y22         FDCE                                         r  select_reg/C
  -------------------------------------------------------------------    -------------------
    SLICE_X59Y22         FDCE (Prop_fdce_C_Q)         0.456     5.597 r  select_reg/Q
                         net (fo=9, routed)           1.339     6.936    moore/reloj_local/select
    SLICE_X61Y23         LUT6 (Prop_lut6_I4_O)        0.124     7.060 r  moore/reloj_local/seg_OBUF[6]_inst_i_6/O
                         net (fo=1, routed)           0.581     7.641    moore/reloj_local/seg_OBUF[6]_inst_i_6_n_0
    SLICE_X62Y23         LUT6 (Prop_lut6_I5_O)        0.124     7.765 f  moore/reloj_local/seg_OBUF[6]_inst_i_2/O
                         net (fo=7, routed)           1.035     8.800    moore/reloj_local/seg_OBUF[6]_inst_i_2_n_0
    SLICE_X64Y22         LUT4 (Prop_lut4_I3_O)        0.153     8.953 r  moore/reloj_local/seg_OBUF[4]_inst_i_1/O
                         net (fo=1, routed)           1.716    10.669    seg_OBUF[4]
    U5                   OBUF (Prop_obuf_I_O)         3.727    14.396 r  seg_OBUF[4]_inst/O
                         net (fo=0)                   0.000    14.396    seg[4]
    U5                                                                r  seg[4] (OUT)
  -------------------------------------------------------------------    -------------------

Slack:                    inf
  Source:                 select_reg/C
                            (rising edge-triggered cell FDCE clocked by sys_clk_pin  {rise@0.000ns fall@5.000ns period=10.000ns})
  Destination:            seg[5]
                            (output port)
  Path Group:             (none)
  Path Type:              Max at Slow Process Corner
  Data Path Delay:        9.224ns  (logic 4.558ns (49.420%)  route 4.665ns (50.580%))
  Logic Levels:           4  (LUT4=1 LUT6=2 OBUF=1)
  Clock Uncertainty:      0.025ns  ((TSJ^2 + TIJ^2)^1/2 + DJ) / 2 + PE
    Total System Jitter     (TSJ):    0.050ns
    Total Input Jitter      (TIJ):    0.000ns
    Discrete Jitter          (DJ):    0.000ns
    Phase Error              (PE):    0.000ns

    Location             Delay type                Incr(ns)  Path(ns)    Netlist Resource(s)
  -------------------------------------------------------------------    -------------------
                         (clock sys_clk_pin rise edge)
                                                      0.000     0.000 r  
    W5                                                0.000     0.000 r  clk (IN)
                         net (fo=0)                   0.000     0.000    clk
    W5                   IBUF (Prop_ibuf_I_O)         1.458     1.458 r  clk_IBUF_inst/O
                         net (fo=1, routed)           1.967     3.425    clk_IBUF
    BUFGCTRL_X0Y0        BUFG (Prop_bufg_I_O)         0.096     3.521 r  clk_IBUF_BUFG_inst/O
                         net (fo=98, routed)          1.620     5.141    clk_IBUF_BUFG
    SLICE_X59Y22         FDCE                                         r  select_reg/C
  -------------------------------------------------------------------    -------------------
    SLICE_X59Y22         FDCE (Prop_fdce_C_Q)         0.456     5.597 r  select_reg/Q
                         net (fo=9, routed)           1.339     6.936    moore/reloj_local/select
    SLICE_X61Y23         LUT6 (Prop_lut6_I4_O)        0.124     7.060 r  moore/reloj_local/seg_OBUF[6]_inst_i_6/O
                         net (fo=1, routed)           0.581     7.641    moore/reloj_local/seg_OBUF[6]_inst_i_6_n_0
    SLICE_X62Y23         LUT6 (Prop_lut6_I5_O)        0.124     7.765 f  moore/reloj_local/seg_OBUF[6]_inst_i_2/O
                         net (fo=7, routed)           0.837     8.602    moore/reloj_local/seg_OBUF[6]_inst_i_2_n_0
    SLICE_X64Y22         LUT4 (Prop_lut4_I3_O)        0.146     8.748 r  moore/reloj_local/seg_OBUF[5]_inst_i_1/O
                         net (fo=1, routed)           1.909    10.657    seg_OBUF[5]
    V5                   OBUF (Prop_obuf_I_O)         3.708    14.365 r  seg_OBUF[5]_inst/O
                         net (fo=0)                   0.000    14.365    seg[5]
    V5                                                                r  seg[5] (OUT)
  -------------------------------------------------------------------    -------------------

Slack:                    inf
  Source:                 select_reg/C
                            (rising edge-triggered cell FDCE clocked by sys_clk_pin  {rise@0.000ns fall@5.000ns period=10.000ns})
  Destination:            seg[3]
                            (output port)
  Path Group:             (none)
  Path Type:              Max at Slow Process Corner
  Data Path Delay:        8.993ns  (logic 4.364ns (48.524%)  route 4.629ns (51.476%))
  Logic Levels:           4  (LUT4=1 LUT6=2 OBUF=1)
  Clock Uncertainty:      0.025ns  ((TSJ^2 + TIJ^2)^1/2 + DJ) / 2 + PE
    Total System Jitter     (TSJ):    0.050ns
    Total Input Jitter      (TIJ):    0.000ns
    Discrete Jitter          (DJ):    0.000ns
    Phase Error              (PE):    0.000ns

    Location             Delay type                Incr(ns)  Path(ns)    Netlist Resource(s)
  -------------------------------------------------------------------    -------------------
                         (clock sys_clk_pin rise edge)
                                                      0.000     0.000 r  
    W5                                                0.000     0.000 r  clk (IN)
                         net (fo=0)                   0.000     0.000    clk
    W5                   IBUF (Prop_ibuf_I_O)         1.458     1.458 r  clk_IBUF_inst/O
                         net (fo=1, routed)           1.967     3.425    clk_IBUF
    BUFGCTRL_X0Y0        BUFG (Prop_bufg_I_O)         0.096     3.521 r  clk_IBUF_BUFG_inst/O
                         net (fo=98, routed)          1.620     5.141    clk_IBUF_BUFG
    SLICE_X59Y22         FDCE                                         r  select_reg/C
  -------------------------------------------------------------------    -------------------
    SLICE_X59Y22         FDCE (Prop_fdce_C_Q)         0.456     5.597 r  select_reg/Q
                         net (fo=9, routed)           1.339     6.936    moore/reloj_local/select
    SLICE_X61Y23         LUT6 (Prop_lut6_I4_O)        0.124     7.060 f  moore/reloj_local/seg_OBUF[6]_inst_i_6/O
                         net (fo=1, routed)           0.581     7.641    moore/reloj_local/seg_OBUF[6]_inst_i_6_n_0
    SLICE_X62Y23         LUT6 (Prop_lut6_I5_O)        0.124     7.765 r  moore/reloj_local/seg_OBUF[6]_inst_i_2/O
                         net (fo=7, routed)           1.035     8.800    moore/reloj_local/seg_OBUF[6]_inst_i_2_n_0
    SLICE_X64Y22         LUT4 (Prop_lut4_I2_O)        0.124     8.924 r  moore/reloj_local/seg_OBUF[3]_inst_i_1/O
                         net (fo=1, routed)           1.674    10.598    seg_OBUF[3]
    V8                   OBUF (Prop_obuf_I_O)         3.536    14.134 r  seg_OBUF[3]_inst/O
                         net (fo=0)                   0.000    14.134    seg[3]
    V8                                                                r  seg[3] (OUT)
  -------------------------------------------------------------------    -------------------

Slack:                    inf
  Source:                 select_reg/C
                            (rising edge-triggered cell FDCE clocked by sys_clk_pin  {rise@0.000ns fall@5.000ns period=10.000ns})
  Destination:            seg[0]
                            (output port)
  Path Group:             (none)
  Path Type:              Max at Slow Process Corner
  Data Path Delay:        8.924ns  (logic 4.339ns (48.619%)  route 4.585ns (51.381%))
  Logic Levels:           4  (LUT4=1 LUT6=2 OBUF=1)
  Clock Uncertainty:      0.025ns  ((TSJ^2 + TIJ^2)^1/2 + DJ) / 2 + PE
    Total System Jitter     (TSJ):    0.050ns
    Total Input Jitter      (TIJ):    0.000ns
    Discrete Jitter          (DJ):    0.000ns
    Phase Error              (PE):    0.000ns

    Location             Delay type                Incr(ns)  Path(ns)    Netlist Resource(s)
  -------------------------------------------------------------------    -------------------
                         (clock sys_clk_pin rise edge)
                                                      0.000     0.000 r  
    W5                                                0.000     0.000 r  clk (IN)
                         net (fo=0)                   0.000     0.000    clk
    W5                   IBUF (Prop_ibuf_I_O)         1.458     1.458 r  clk_IBUF_inst/O
                         net (fo=1, routed)           1.967     3.425    clk_IBUF
    BUFGCTRL_X0Y0        BUFG (Prop_bufg_I_O)         0.096     3.521 r  clk_IBUF_BUFG_inst/O
                         net (fo=98, routed)          1.620     5.141    clk_IBUF_BUFG
    SLICE_X59Y22         FDCE                                         r  select_reg/C
  -------------------------------------------------------------------    -------------------
    SLICE_X59Y22         FDCE (Prop_fdce_C_Q)         0.456     5.597 r  select_reg/Q
                         net (fo=9, routed)           1.339     6.936    moore/reloj_local/select
    SLICE_X61Y23         LUT6 (Prop_lut6_I4_O)        0.124     7.060 f  moore/reloj_local/seg_OBUF[6]_inst_i_6/O
                         net (fo=1, routed)           0.581     7.641    moore/reloj_local/seg_OBUF[6]_inst_i_6_n_0
    SLICE_X62Y23         LUT6 (Prop_lut6_I5_O)        0.124     7.765 r  moore/reloj_local/seg_OBUF[6]_inst_i_2/O
                         net (fo=7, routed)           0.837     8.602    moore/reloj_local/seg_OBUF[6]_inst_i_2_n_0
    SLICE_X64Y22         LUT4 (Prop_lut4_I1_O)        0.124     8.726 r  moore/reloj_local/seg_OBUF[0]_inst_i_1/O
                         net (fo=1, routed)           1.829    10.554    seg_OBUF[0]
    W7                   OBUF (Prop_obuf_I_O)         3.511    14.065 r  seg_OBUF[0]_inst/O
                         net (fo=0)                   0.000    14.065    seg[0]
    W7                                                                r  seg[0] (OUT)
  -------------------------------------------------------------------    -------------------

Slack:                    inf
  Source:                 select_reg/C
                            (rising edge-triggered cell FDCE clocked by sys_clk_pin  {rise@0.000ns fall@5.000ns period=10.000ns})
  Destination:            seg[2]
                            (output port)
  Path Group:             (none)
  Path Type:              Max at Slow Process Corner
  Data Path Delay:        8.821ns  (logic 4.613ns (52.300%)  route 4.207ns (47.700%))
  Logic Levels:           4  (LUT4=1 LUT6=2 OBUF=1)
  Clock Uncertainty:      0.025ns  ((TSJ^2 + TIJ^2)^1/2 + DJ) / 2 + PE
    Total System Jitter     (TSJ):    0.050ns
    Total Input Jitter      (TIJ):    0.000ns
    Discrete Jitter          (DJ):    0.000ns
    Phase Error              (PE):    0.000ns

    Location             Delay type                Incr(ns)  Path(ns)    Netlist Resource(s)
  -------------------------------------------------------------------    -------------------
                         (clock sys_clk_pin rise edge)
                                                      0.000     0.000 r  
    W5                                                0.000     0.000 r  clk (IN)
                         net (fo=0)                   0.000     0.000    clk
    W5                   IBUF (Prop_ibuf_I_O)         1.458     1.458 r  clk_IBUF_inst/O
                         net (fo=1, routed)           1.967     3.425    clk_IBUF
    BUFGCTRL_X0Y0        BUFG (Prop_bufg_I_O)         0.096     3.521 r  clk_IBUF_BUFG_inst/O
                         net (fo=98, routed)          1.620     5.141    clk_IBUF_BUFG
    SLICE_X59Y22         FDCE                                         r  select_reg/C
  -------------------------------------------------------------------    -------------------
    SLICE_X59Y22         FDCE (Prop_fdce_C_Q)         0.456     5.597 r  select_reg/Q
                         net (fo=9, routed)           1.339     6.936    moore/reloj_local/select
    SLICE_X61Y23         LUT6 (Prop_lut6_I4_O)        0.124     7.060 f  moore/reloj_local/seg_OBUF[6]_inst_i_6/O
                         net (fo=1, routed)           0.581     7.641    moore/reloj_local/seg_OBUF[6]_inst_i_6_n_0
    SLICE_X62Y23         LUT6 (Prop_lut6_I5_O)        0.124     7.765 r  moore/reloj_local/seg_OBUF[6]_inst_i_2/O
                         net (fo=7, routed)           0.625     8.390    moore/reloj_local/seg_OBUF[6]_inst_i_2_n_0
    SLICE_X64Y22         LUT4 (Prop_lut4_I1_O)        0.150     8.540 r  moore/reloj_local/seg_OBUF[2]_inst_i_1/O
                         net (fo=1, routed)           1.663    10.203    seg_OBUF[2]
    U8                   OBUF (Prop_obuf_I_O)         3.759    13.962 r  seg_OBUF[2]_inst/O
                         net (fo=0)                   0.000    13.962    seg[2]
    U8                                                                r  seg[2] (OUT)
  -------------------------------------------------------------------    -------------------

Slack:                    inf
  Source:                 moore/conteo/fsm_reg[1]/C
                            (rising edge-triggered cell FDRE clocked by sys_clk_pin  {rise@0.000ns fall@5.000ns period=10.000ns})
  Destination:            seg[6]
                            (output port)
  Path Group:             (none)
  Path Type:              Max at Slow Process Corner
  Data Path Delay:        8.621ns  (logic 4.429ns (51.377%)  route 4.192ns (48.623%))
  Logic Levels:           3  (LUT4=1 LUT6=1 OBUF=1)
  Clock Uncertainty:      0.025ns  ((TSJ^2 + TIJ^2)^1/2 + DJ) / 2 + PE
    Total System Jitter     (TSJ):    0.050ns
    Total Input Jitter      (TIJ):    0.000ns
    Discrete Jitter          (DJ):    0.000ns
    Phase Error              (PE):    0.000ns

    Location             Delay type                Incr(ns)  Path(ns)    Netlist Resource(s)
  -------------------------------------------------------------------    -------------------
                         (clock sys_clk_pin rise edge)
                                                      0.000     0.000 r  
    W5                                                0.000     0.000 r  clk (IN)
                         net (fo=0)                   0.000     0.000    clk
    W5                   IBUF (Prop_ibuf_I_O)         1.458     1.458 r  clk_IBUF_inst/O
                         net (fo=1, routed)           1.967     3.425    clk_IBUF
    BUFGCTRL_X0Y0        BUFG (Prop_bufg_I_O)         0.096     3.521 r  clk_IBUF_BUFG_inst/O
                         net (fo=98, routed)          1.618     5.139    moore/conteo/clk_IBUF_BUFG
    SLICE_X64Y25         FDRE                                         r  moore/conteo/fsm_reg[1]/C
  -------------------------------------------------------------------    -------------------
    SLICE_X64Y25         FDRE (Prop_fdre_C_Q)         0.478     5.617 f  moore/conteo/fsm_reg[1]/Q
                         net (fo=13, routed)          1.434     7.051    moore/reloj_local/fsm[1]
    SLICE_X62Y23         LUT6 (Prop_lut6_I0_O)        0.296     7.347 r  moore/reloj_local/seg_OBUF[6]_inst_i_4/O
                         net (fo=7, routed)           0.836     8.183    moore/reloj_local/seg_OBUF[6]_inst_i_4_n_0
    SLICE_X64Y22         LUT4 (Prop_lut4_I2_O)        0.124     8.307 r  moore/reloj_local/seg_OBUF[6]_inst_i_1/O
                         net (fo=1, routed)           1.922    10.229    seg_OBUF[6]
    U7                   OBUF (Prop_obuf_I_O)         3.531    13.761 r  seg_OBUF[6]_inst/O
                         net (fo=0)                   0.000    13.761    seg[6]
    U7                                                                r  seg[6] (OUT)
  -------------------------------------------------------------------    -------------------

Slack:                    inf
  Source:                 select_reg/C
                            (rising edge-triggered cell FDCE clocked by sys_clk_pin  {rise@0.000ns fall@5.000ns period=10.000ns})
  Destination:            seg[1]
                            (output port)
  Path Group:             (none)
  Path Type:              Max at Slow Process Corner
  Data Path Delay:        8.569ns  (logic 4.357ns (50.847%)  route 4.212ns (49.153%))
  Logic Levels:           4  (LUT4=1 LUT6=2 OBUF=1)
  Clock Uncertainty:      0.025ns  ((TSJ^2 + TIJ^2)^1/2 + DJ) / 2 + PE
    Total System Jitter     (TSJ):    0.050ns
    Total Input Jitter      (TIJ):    0.000ns
    Discrete Jitter          (DJ):    0.000ns
    Phase Error              (PE):    0.000ns

    Location             Delay type                Incr(ns)  Path(ns)    Netlist Resource(s)
  -------------------------------------------------------------------    -------------------
                         (clock sys_clk_pin rise edge)
                                                      0.000     0.000 r  
    W5                                                0.000     0.000 r  clk (IN)
                         net (fo=0)                   0.000     0.000    clk
    W5                   IBUF (Prop_ibuf_I_O)         1.458     1.458 r  clk_IBUF_inst/O
                         net (fo=1, routed)           1.967     3.425    clk_IBUF
    BUFGCTRL_X0Y0        BUFG (Prop_bufg_I_O)         0.096     3.521 r  clk_IBUF_BUFG_inst/O
                         net (fo=98, routed)          1.620     5.141    clk_IBUF_BUFG
    SLICE_X59Y22         FDCE                                         r  select_reg/C
  -------------------------------------------------------------------    -------------------
    SLICE_X59Y22         FDCE (Prop_fdce_C_Q)         0.456     5.597 r  select_reg/Q
                         net (fo=9, routed)           1.339     6.936    moore/reloj_local/select
    SLICE_X61Y23         LUT6 (Prop_lut6_I4_O)        0.124     7.060 f  moore/reloj_local/seg_OBUF[6]_inst_i_6/O
                         net (fo=1, routed)           0.581     7.641    moore/reloj_local/seg_OBUF[6]_inst_i_6_n_0
    SLICE_X62Y23         LUT6 (Prop_lut6_I5_O)        0.124     7.765 r  moore/reloj_local/seg_OBUF[6]_inst_i_2/O
                         net (fo=7, routed)           0.625     8.390    moore/reloj_local/seg_OBUF[6]_inst_i_2_n_0
    SLICE_X64Y22         LUT4 (Prop_lut4_I2_O)        0.124     8.514 r  moore/reloj_local/seg_OBUF[1]_inst_i_1/O
                         net (fo=1, routed)           1.668    10.181    seg_OBUF[1]
    W6                   OBUF (Prop_obuf_I_O)         3.529    13.710 r  seg_OBUF[1]_inst/O
                         net (fo=0)                   0.000    13.710    seg[1]
    W6                                                                r  seg[1] (OUT)
  -------------------------------------------------------------------    -------------------

Slack:                    inf
  Source:                 moore/conteo/fsm_reg[0]/C
                            (rising edge-triggered cell FDRE clocked by sys_clk_pin  {rise@0.000ns fall@5.000ns period=10.000ns})
  Destination:            an[0]
                            (output port)
  Path Group:             (none)
  Path Type:              Max at Slow Process Corner
  Data Path Delay:        7.144ns  (logic 4.375ns (61.238%)  route 2.769ns (38.762%))
  Logic Levels:           2  (LUT2=1 OBUF=1)
  Clock Uncertainty:      0.025ns  ((TSJ^2 + TIJ^2)^1/2 + DJ) / 2 + PE
    Total System Jitter     (TSJ):    0.050ns
    Total Input Jitter      (TIJ):    0.000ns
    Discrete Jitter          (DJ):    0.000ns
    Phase Error              (PE):    0.000ns

    Location             Delay type                Incr(ns)  Path(ns)    Netlist Resource(s)
  -------------------------------------------------------------------    -------------------
                         (clock sys_clk_pin rise edge)
                                                      0.000     0.000 r  
    W5                                                0.000     0.000 r  clk (IN)
                         net (fo=0)                   0.000     0.000    clk
    W5                   IBUF (Prop_ibuf_I_O)         1.458     1.458 r  clk_IBUF_inst/O
                         net (fo=1, routed)           1.967     3.425    clk_IBUF
    BUFGCTRL_X0Y0        BUFG (Prop_bufg_I_O)         0.096     3.521 r  clk_IBUF_BUFG_inst/O
                         net (fo=98, routed)          1.618     5.139    moore/conteo/clk_IBUF_BUFG
    SLICE_X64Y25         FDRE                                         r  moore/conteo/fsm_reg[0]/C
  -------------------------------------------------------------------    -------------------
    SLICE_X64Y25         FDRE (Prop_fdre_C_Q)         0.518     5.657 r  moore/conteo/fsm_reg[0]/Q
                         net (fo=14, routed)          0.904     6.561    moore/conteo/fsm[0]
    SLICE_X64Y25         LUT2 (Prop_lut2_I1_O)        0.150     6.711 r  moore/conteo/an_OBUF[0]_inst_i_1/O
                         net (fo=1, routed)           1.865     8.577    an_OBUF[0]
    U2                   OBUF (Prop_obuf_I_O)         3.707    12.283 r  an_OBUF[0]_inst/O
                         net (fo=0)                   0.000    12.283    an[0]
    U2                                                                r  an[0] (OUT)
  -------------------------------------------------------------------    -------------------

Slack:                    inf
  Source:                 moore/conteo/fsm_reg[0]/C
                            (rising edge-triggered cell FDRE clocked by sys_clk_pin  {rise@0.000ns fall@5.000ns period=10.000ns})
  Destination:            an[3]
                            (output port)
  Path Group:             (none)
  Path Type:              Max at Slow Process Corner
  Data Path Delay:        6.961ns  (logic 4.404ns (63.267%)  route 2.557ns (36.733%))
  Logic Levels:           2  (LUT2=1 OBUF=1)
  Clock Uncertainty:      0.025ns  ((TSJ^2 + TIJ^2)^1/2 + DJ) / 2 + PE
    Total System Jitter     (TSJ):    0.050ns
    Total Input Jitter      (TIJ):    0.000ns
    Discrete Jitter          (DJ):    0.000ns
    Phase Error              (PE):    0.000ns

    Location             Delay type                Incr(ns)  Path(ns)    Netlist Resource(s)
  -------------------------------------------------------------------    -------------------
                         (clock sys_clk_pin rise edge)
                                                      0.000     0.000 r  
    W5                                                0.000     0.000 r  clk (IN)
                         net (fo=0)                   0.000     0.000    clk
    W5                   IBUF (Prop_ibuf_I_O)         1.458     1.458 r  clk_IBUF_inst/O
                         net (fo=1, routed)           1.967     3.425    clk_IBUF
    BUFGCTRL_X0Y0        BUFG (Prop_bufg_I_O)         0.096     3.521 r  clk_IBUF_BUFG_inst/O
                         net (fo=98, routed)          1.618     5.139    moore/conteo/clk_IBUF_BUFG
    SLICE_X64Y25         FDRE                                         r  moore/conteo/fsm_reg[0]/C
  -------------------------------------------------------------------    -------------------
    SLICE_X64Y25         FDRE (Prop_fdre_C_Q)         0.518     5.657 f  moore/conteo/fsm_reg[0]/Q
                         net (fo=14, routed)          0.894     6.551    moore/conteo/fsm[0]
    SLICE_X64Y25         LUT2 (Prop_lut2_I0_O)        0.152     6.703 r  moore/conteo/an_OBUF[3]_inst_i_1/O
                         net (fo=1, routed)           1.663     8.366    an_OBUF[3]
    W4                   OBUF (Prop_obuf_I_O)         3.734    12.101 r  an_OBUF[3]_inst/O
                         net (fo=0)                   0.000    12.101    an[3]
    W4                                                                r  an[3] (OUT)
  -------------------------------------------------------------------    -------------------

Slack:                    inf
  Source:                 moore/conteo/fsm_reg[0]/C
                            (rising edge-triggered cell FDRE clocked by sys_clk_pin  {rise@0.000ns fall@5.000ns period=10.000ns})
  Destination:            an[1]
                            (output port)
  Path Group:             (none)
  Path Type:              Max at Slow Process Corner
  Data Path Delay:        6.898ns  (logic 4.141ns (60.036%)  route 2.757ns (39.964%))
  Logic Levels:           2  (LUT2=1 OBUF=1)
  Clock Uncertainty:      0.025ns  ((TSJ^2 + TIJ^2)^1/2 + DJ) / 2 + PE
    Total System Jitter     (TSJ):    0.050ns
    Total Input Jitter      (TIJ):    0.000ns
    Discrete Jitter          (DJ):    0.000ns
    Phase Error              (PE):    0.000ns

    Location             Delay type                Incr(ns)  Path(ns)    Netlist Resource(s)
  -------------------------------------------------------------------    -------------------
                         (clock sys_clk_pin rise edge)
                                                      0.000     0.000 r  
    W5                                                0.000     0.000 r  clk (IN)
                         net (fo=0)                   0.000     0.000    clk
    W5                   IBUF (Prop_ibuf_I_O)         1.458     1.458 r  clk_IBUF_inst/O
                         net (fo=1, routed)           1.967     3.425    clk_IBUF
    BUFGCTRL_X0Y0        BUFG (Prop_bufg_I_O)         0.096     3.521 r  clk_IBUF_BUFG_inst/O
                         net (fo=98, routed)          1.618     5.139    moore/conteo/clk_IBUF_BUFG
    SLICE_X64Y25         FDRE                                         r  moore/conteo/fsm_reg[0]/C
  -------------------------------------------------------------------    -------------------
    SLICE_X64Y25         FDRE (Prop_fdre_C_Q)         0.518     5.657 f  moore/conteo/fsm_reg[0]/Q
                         net (fo=14, routed)          0.904     6.561    moore/conteo/fsm[0]
    SLICE_X64Y25         LUT2 (Prop_lut2_I1_O)        0.124     6.685 r  moore/conteo/an_OBUF[1]_inst_i_1/O
                         net (fo=1, routed)           1.852     8.538    an_OBUF[1]
    U4                   OBUF (Prop_obuf_I_O)         3.499    12.037 r  an_OBUF[1]_inst/O
                         net (fo=0)                   0.000    12.037    an[1]
    U4                                                                r  an[1] (OUT)
  -------------------------------------------------------------------    -------------------





Min Delay Paths
--------------------------------------------------------------------------------------
Slack:                    inf
  Source:                 moore/conteo/fsm_reg[1]/C
                            (rising edge-triggered cell FDRE clocked by sys_clk_pin  {rise@0.000ns fall@5.000ns period=10.000ns})
  Destination:            an[2]
                            (output port)
  Path Group:             (none)
  Path Type:              Min at Fast Process Corner
  Data Path Delay:        1.965ns  (logic 1.470ns (74.815%)  route 0.495ns (25.185%))
  Logic Levels:           2  (LUT2=1 OBUF=1)
  Clock Uncertainty:      0.025ns  ((TSJ^2 + TIJ^2)^1/2 + DJ) / 2 + PE
    Total System Jitter     (TSJ):    0.050ns
    Total Input Jitter      (TIJ):    0.000ns
    Discrete Jitter          (DJ):    0.000ns
    Phase Error              (PE):    0.000ns

    Location             Delay type                Incr(ns)  Path(ns)    Netlist Resource(s)
  -------------------------------------------------------------------    -------------------
                         (clock sys_clk_pin rise edge)
                                                      0.000     0.000 r  
    W5                                                0.000     0.000 r  clk (IN)
                         net (fo=0)                   0.000     0.000    clk
    W5                   IBUF (Prop_ibuf_I_O)         0.226     0.226 r  clk_IBUF_inst/O
                         net (fo=1, routed)           0.631     0.858    clk_IBUF
    BUFGCTRL_X0Y0        BUFG (Prop_bufg_I_O)         0.026     0.884 r  clk_IBUF_BUFG_inst/O
                         net (fo=98, routed)          0.582     1.465    moore/conteo/clk_IBUF_BUFG
    SLICE_X64Y25         FDRE                                         r  moore/conteo/fsm_reg[1]/C
  -------------------------------------------------------------------    -------------------
    SLICE_X64Y25         FDRE (Prop_fdre_C_Q)         0.148     1.613 f  moore/conteo/fsm_reg[1]/Q
                         net (fo=13, routed)          0.154     1.767    moore/conteo/fsm[1]
    SLICE_X64Y25         LUT2 (Prop_lut2_I1_O)        0.098     1.865 r  moore/conteo/an_OBUF[2]_inst_i_1/O
                         net (fo=1, routed)           0.341     2.206    an_OBUF[2]
    V4                   OBUF (Prop_obuf_I_O)         1.224     3.430 r  an_OBUF[2]_inst/O
                         net (fo=0)                   0.000     3.430    an[2]
    V4                                                                r  an[2] (OUT)
  -------------------------------------------------------------------    -------------------

Slack:                    inf
  Source:                 moore/conteo/fsm_reg[1]/C
                            (rising edge-triggered cell FDRE clocked by sys_clk_pin  {rise@0.000ns fall@5.000ns period=10.000ns})
  Destination:            an[1]
                            (output port)
  Path Group:             (none)
  Path Type:              Min at Fast Process Corner
  Data Path Delay:        2.004ns  (logic 1.446ns (72.181%)  route 0.557ns (27.819%))
  Logic Levels:           2  (LUT2=1 OBUF=1)
  Clock Uncertainty:      0.025ns  ((TSJ^2 + TIJ^2)^1/2 + DJ) / 2 + PE
    Total System Jitter     (TSJ):    0.050ns
    Total Input Jitter      (TIJ):    0.000ns
    Discrete Jitter          (DJ):    0.000ns
    Phase Error              (PE):    0.000ns

    Location             Delay type                Incr(ns)  Path(ns)    Netlist Resource(s)
  -------------------------------------------------------------------    -------------------
                         (clock sys_clk_pin rise edge)
                                                      0.000     0.000 r  
    W5                                                0.000     0.000 r  clk (IN)
                         net (fo=0)                   0.000     0.000    clk
    W5                   IBUF (Prop_ibuf_I_O)         0.226     0.226 r  clk_IBUF_inst/O
                         net (fo=1, routed)           0.631     0.858    clk_IBUF
    BUFGCTRL_X0Y0        BUFG (Prop_bufg_I_O)         0.026     0.884 r  clk_IBUF_BUFG_inst/O
                         net (fo=98, routed)          0.582     1.465    moore/conteo/clk_IBUF_BUFG
    SLICE_X64Y25         FDRE                                         r  moore/conteo/fsm_reg[1]/C
  -------------------------------------------------------------------    -------------------
    SLICE_X64Y25         FDRE (Prop_fdre_C_Q)         0.148     1.613 r  moore/conteo/fsm_reg[1]/Q
                         net (fo=13, routed)          0.150     1.763    moore/conteo/fsm[1]
    SLICE_X64Y25         LUT2 (Prop_lut2_I0_O)        0.098     1.861 r  moore/conteo/an_OBUF[1]_inst_i_1/O
                         net (fo=1, routed)           0.407     2.269    an_OBUF[1]
    U4                   OBUF (Prop_obuf_I_O)         1.200     3.469 r  an_OBUF[1]_inst/O
                         net (fo=0)                   0.000     3.469    an[1]
    U4                                                                r  an[1] (OUT)
  -------------------------------------------------------------------    -------------------

Slack:                    inf
  Source:                 moore/conteo/fsm_reg[1]/C
                            (rising edge-triggered cell FDRE clocked by sys_clk_pin  {rise@0.000ns fall@5.000ns period=10.000ns})
  Destination:            an[3]
                            (output port)
  Path Group:             (none)
  Path Type:              Min at Fast Process Corner
  Data Path Delay:        2.017ns  (logic 1.533ns (76.009%)  route 0.484ns (23.991%))
  Logic Levels:           2  (LUT2=1 OBUF=1)
  Clock Uncertainty:      0.025ns  ((TSJ^2 + TIJ^2)^1/2 + DJ) / 2 + PE
    Total System Jitter     (TSJ):    0.050ns
    Total Input Jitter      (TIJ):    0.000ns
    Discrete Jitter          (DJ):    0.000ns
    Phase Error              (PE):    0.000ns

    Location             Delay type                Incr(ns)  Path(ns)    Netlist Resource(s)
  -------------------------------------------------------------------    -------------------
                         (clock sys_clk_pin rise edge)
                                                      0.000     0.000 r  
    W5                                                0.000     0.000 r  clk (IN)
                         net (fo=0)                   0.000     0.000    clk
    W5                   IBUF (Prop_ibuf_I_O)         0.226     0.226 r  clk_IBUF_inst/O
                         net (fo=1, routed)           0.631     0.858    clk_IBUF
    BUFGCTRL_X0Y0        BUFG (Prop_bufg_I_O)         0.026     0.884 r  clk_IBUF_BUFG_inst/O
                         net (fo=98, routed)          0.582     1.465    moore/conteo/clk_IBUF_BUFG
    SLICE_X64Y25         FDRE                                         r  moore/conteo/fsm_reg[1]/C
  -------------------------------------------------------------------    -------------------
    SLICE_X64Y25         FDRE (Prop_fdre_C_Q)         0.148     1.613 f  moore/conteo/fsm_reg[1]/Q
                         net (fo=13, routed)          0.154     1.767    moore/conteo/fsm[1]
    SLICE_X64Y25         LUT2 (Prop_lut2_I1_O)        0.101     1.868 r  moore/conteo/an_OBUF[3]_inst_i_1/O
                         net (fo=1, routed)           0.330     2.198    an_OBUF[3]
    W4                   OBUF (Prop_obuf_I_O)         1.284     3.483 r  an_OBUF[3]_inst/O
                         net (fo=0)                   0.000     3.483    an[3]
    W4                                                                r  an[3] (OUT)
  -------------------------------------------------------------------    -------------------

Slack:                    inf
  Source:                 moore/conteo/fsm_reg[1]/C
                            (rising edge-triggered cell FDRE clocked by sys_clk_pin  {rise@0.000ns fall@5.000ns period=10.000ns})
  Destination:            an[0]
                            (output port)
  Path Group:             (none)
  Path Type:              Min at Fast Process Corner
  Data Path Delay:        2.089ns  (logic 1.519ns (72.712%)  route 0.570ns (27.288%))
  Logic Levels:           2  (LUT2=1 OBUF=1)
  Clock Uncertainty:      0.025ns  ((TSJ^2 + TIJ^2)^1/2 + DJ) / 2 + PE
    Total System Jitter     (TSJ):    0.050ns
    Total Input Jitter      (TIJ):    0.000ns
    Discrete Jitter          (DJ):    0.000ns
    Phase Error              (PE):    0.000ns

    Location             Delay type                Incr(ns)  Path(ns)    Netlist Resource(s)
  -------------------------------------------------------------------    -------------------
                         (clock sys_clk_pin rise edge)
                                                      0.000     0.000 r  
    W5                                                0.000     0.000 r  clk (IN)
                         net (fo=0)                   0.000     0.000    clk
    W5                   IBUF (Prop_ibuf_I_O)         0.226     0.226 r  clk_IBUF_inst/O
                         net (fo=1, routed)           0.631     0.858    clk_IBUF
    BUFGCTRL_X0Y0        BUFG (Prop_bufg_I_O)         0.026     0.884 r  clk_IBUF_BUFG_inst/O
                         net (fo=98, routed)          0.582     1.465    moore/conteo/clk_IBUF_BUFG
    SLICE_X64Y25         FDRE                                         r  moore/conteo/fsm_reg[1]/C
  -------------------------------------------------------------------    -------------------
    SLICE_X64Y25         FDRE (Prop_fdre_C_Q)         0.148     1.613 r  moore/conteo/fsm_reg[1]/Q
                         net (fo=13, routed)          0.150     1.763    moore/conteo/fsm[1]
    SLICE_X64Y25         LUT2 (Prop_lut2_I0_O)        0.101     1.864 r  moore/conteo/an_OBUF[0]_inst_i_1/O
                         net (fo=1, routed)           0.420     2.284    an_OBUF[0]
    U2                   OBUF (Prop_obuf_I_O)         1.270     3.554 r  an_OBUF[0]_inst/O
                         net (fo=0)                   0.000     3.554    an[0]
    U2                                                                r  an[0] (OUT)
  -------------------------------------------------------------------    -------------------

Slack:                    inf
  Source:                 moore/reloj_local/horas_d_reg[1]/C
                            (rising edge-triggered cell FDCE clocked by sys_clk_pin  {rise@0.000ns fall@5.000ns period=10.000ns})
  Destination:            seg[3]
                            (output port)
  Path Group:             (none)
  Path Type:              Min at Fast Process Corner
  Data Path Delay:        2.167ns  (logic 1.508ns (69.593%)  route 0.659ns (30.407%))
  Logic Levels:           3  (LUT4=1 LUT6=1 OBUF=1)
  Clock Uncertainty:      0.025ns  ((TSJ^2 + TIJ^2)^1/2 + DJ) / 2 + PE
    Total System Jitter     (TSJ):    0.050ns
    Total Input Jitter      (TIJ):    0.000ns
    Discrete Jitter          (DJ):    0.000ns
    Phase Error              (PE):    0.000ns

    Location             Delay type                Incr(ns)  Path(ns)    Netlist Resource(s)
  -------------------------------------------------------------------    -------------------
                         (clock sys_clk_pin rise edge)
                                                      0.000     0.000 r  
    W5                                                0.000     0.000 r  clk (IN)
                         net (fo=0)                   0.000     0.000    clk
    W5                   IBUF (Prop_ibuf_I_O)         0.226     0.226 r  clk_IBUF_inst/O
                         net (fo=1, routed)           0.631     0.858    clk_IBUF
    BUFGCTRL_X0Y0        BUFG (Prop_bufg_I_O)         0.026     0.884 r  clk_IBUF_BUFG_inst/O
                         net (fo=98, routed)          0.585     1.468    moore/reloj_local/clk_IBUF_BUFG
    SLICE_X62Y22         FDCE                                         r  moore/reloj_local/horas_d_reg[1]/C
  -------------------------------------------------------------------    -------------------
    SLICE_X62Y22         FDCE (Prop_fdce_C_Q)         0.128     1.596 r  moore/reloj_local/horas_d_reg[1]/Q
                         net (fo=5, routed)           0.178     1.774    moore/reloj_local/hora_d[1]
    SLICE_X62Y22         LUT6 (Prop_lut6_I4_O)        0.099     1.873 r  moore/reloj_local/seg_OBUF[6]_inst_i_3/O
                         net (fo=7, routed)           0.157     2.030    moore/reloj_local/seg_OBUF[6]_inst_i_3_n_0
    SLICE_X64Y22         LUT4 (Prop_lut4_I1_O)        0.045     2.075 r  moore/reloj_local/seg_OBUF[3]_inst_i_1/O
                         net (fo=1, routed)           0.324     2.399    seg_OBUF[3]
    V8                   OBUF (Prop_obuf_I_O)         1.236     3.636 r  seg_OBUF[3]_inst/O
                         net (fo=0)                   0.000     3.636    seg[3]
    V8                                                                r  seg[3] (OUT)
  -------------------------------------------------------------------    -------------------

Slack:                    inf
  Source:                 moore/reloj_local/horas_d_reg[0]/C
                            (rising edge-triggered cell FDCE clocked by sys_clk_pin  {rise@0.000ns fall@5.000ns period=10.000ns})
  Destination:            seg[1]
                            (output port)
  Path Group:             (none)
  Path Type:              Min at Fast Process Corner
  Data Path Delay:        2.235ns  (logic 1.461ns (65.373%)  route 0.774ns (34.627%))
  Logic Levels:           3  (LUT4=1 LUT6=1 OBUF=1)
  Clock Uncertainty:      0.025ns  ((TSJ^2 + TIJ^2)^1/2 + DJ) / 2 + PE
    Total System Jitter     (TSJ):    0.050ns
    Total Input Jitter      (TIJ):    0.000ns
    Discrete Jitter          (DJ):    0.000ns
    Phase Error              (PE):    0.000ns

    Location             Delay type                Incr(ns)  Path(ns)    Netlist Resource(s)
  -------------------------------------------------------------------    -------------------
                         (clock sys_clk_pin rise edge)
                                                      0.000     0.000 r  
    W5                                                0.000     0.000 r  clk (IN)
                         net (fo=0)                   0.000     0.000    clk
    W5                   IBUF (Prop_ibuf_I_O)         0.226     0.226 r  clk_IBUF_inst/O
                         net (fo=1, routed)           0.631     0.858    clk_IBUF
    BUFGCTRL_X0Y0        BUFG (Prop_bufg_I_O)         0.026     0.884 r  clk_IBUF_BUFG_inst/O
                         net (fo=98, routed)          0.585     1.468    moore/reloj_local/clk_IBUF_BUFG
    SLICE_X62Y22         FDCE                                         r  moore/reloj_local/horas_d_reg[0]/C
  -------------------------------------------------------------------    -------------------
    SLICE_X62Y22         FDCE (Prop_fdce_C_Q)         0.141     1.609 f  moore/reloj_local/horas_d_reg[0]/Q
                         net (fo=6, routed)           0.228     1.837    moore/reloj_local/hora_d[0]
    SLICE_X62Y23         LUT6 (Prop_lut6_I3_O)        0.045     1.882 r  moore/reloj_local/seg_OBUF[6]_inst_i_2/O
                         net (fo=7, routed)           0.210     2.091    moore/reloj_local/seg_OBUF[6]_inst_i_2_n_0
    SLICE_X64Y22         LUT4 (Prop_lut4_I2_O)        0.045     2.136 r  moore/reloj_local/seg_OBUF[1]_inst_i_1/O
                         net (fo=1, routed)           0.337     2.473    seg_OBUF[1]
    W6                   OBUF (Prop_obuf_I_O)         1.230     3.703 r  seg_OBUF[1]_inst/O
                         net (fo=0)                   0.000     3.703    seg[1]
    W6                                                                r  seg[1] (OUT)
  -------------------------------------------------------------------    -------------------

Slack:                    inf
  Source:                 moore/reloj_local/horas_d_reg[1]/C
                            (rising edge-triggered cell FDCE clocked by sys_clk_pin  {rise@0.000ns fall@5.000ns period=10.000ns})
  Destination:            seg[4]
                            (output port)
  Path Group:             (none)
  Path Type:              Min at Fast Process Corner
  Data Path Delay:        2.258ns  (logic 1.565ns (69.298%)  route 0.693ns (30.702%))
  Logic Levels:           3  (LUT4=1 LUT6=1 OBUF=1)
  Clock Uncertainty:      0.025ns  ((TSJ^2 + TIJ^2)^1/2 + DJ) / 2 + PE
    Total System Jitter     (TSJ):    0.050ns
    Total Input Jitter      (TIJ):    0.000ns
    Discrete Jitter          (DJ):    0.000ns
    Phase Error              (PE):    0.000ns

    Location             Delay type                Incr(ns)  Path(ns)    Netlist Resource(s)
  -------------------------------------------------------------------    -------------------
                         (clock sys_clk_pin rise edge)
                                                      0.000     0.000 r  
    W5                                                0.000     0.000 r  clk (IN)
                         net (fo=0)                   0.000     0.000    clk
    W5                   IBUF (Prop_ibuf_I_O)         0.226     0.226 r  clk_IBUF_inst/O
                         net (fo=1, routed)           0.631     0.858    clk_IBUF
    BUFGCTRL_X0Y0        BUFG (Prop_bufg_I_O)         0.026     0.884 r  clk_IBUF_BUFG_inst/O
                         net (fo=98, routed)          0.585     1.468    moore/reloj_local/clk_IBUF_BUFG
    SLICE_X62Y22         FDCE                                         r  moore/reloj_local/horas_d_reg[1]/C
  -------------------------------------------------------------------    -------------------
    SLICE_X62Y22         FDCE (Prop_fdce_C_Q)         0.128     1.596 r  moore/reloj_local/horas_d_reg[1]/Q
                         net (fo=5, routed)           0.178     1.774    moore/reloj_local/hora_d[1]
    SLICE_X62Y22         LUT6 (Prop_lut6_I4_O)        0.099     1.873 r  moore/reloj_local/seg_OBUF[6]_inst_i_3/O
                         net (fo=7, routed)           0.157     2.030    moore/reloj_local/seg_OBUF[6]_inst_i_3_n_0
    SLICE_X64Y22         LUT4 (Prop_lut4_I0_O)        0.049     2.079 r  moore/reloj_local/seg_OBUF[4]_inst_i_1/O
                         net (fo=1, routed)           0.358     2.437    seg_OBUF[4]
    U5                   OBUF (Prop_obuf_I_O)         1.289     3.726 r  seg_OBUF[4]_inst/O
                         net (fo=0)                   0.000     3.726    seg[4]
    U5                                                                r  seg[4] (OUT)
  -------------------------------------------------------------------    -------------------

Slack:                    inf
  Source:                 moore/reloj_local/horas_d_reg[0]/C
                            (rising edge-triggered cell FDCE clocked by sys_clk_pin  {rise@0.000ns fall@5.000ns period=10.000ns})
  Destination:            seg[6]
                            (output port)
  Path Group:             (none)
  Path Type:              Min at Fast Process Corner
  Data Path Delay:        2.261ns  (logic 1.463ns (64.726%)  route 0.797ns (35.274%))
  Logic Levels:           3  (LUT4=1 LUT6=1 OBUF=1)
  Clock Uncertainty:      0.025ns  ((TSJ^2 + TIJ^2)^1/2 + DJ) / 2 + PE
    Total System Jitter     (TSJ):    0.050ns
    Total Input Jitter      (TIJ):    0.000ns
    Discrete Jitter          (DJ):    0.000ns
    Phase Error              (PE):    0.000ns

    Location             Delay type                Incr(ns)  Path(ns)    Netlist Resource(s)
  -------------------------------------------------------------------    -------------------
                         (clock sys_clk_pin rise edge)
                                                      0.000     0.000 r  
    W5                                                0.000     0.000 r  clk (IN)
                         net (fo=0)                   0.000     0.000    clk
    W5                   IBUF (Prop_ibuf_I_O)         0.226     0.226 r  clk_IBUF_inst/O
                         net (fo=1, routed)           0.631     0.858    clk_IBUF
    BUFGCTRL_X0Y0        BUFG (Prop_bufg_I_O)         0.026     0.884 r  clk_IBUF_BUFG_inst/O
                         net (fo=98, routed)          0.585     1.468    moore/reloj_local/clk_IBUF_BUFG
    SLICE_X62Y22         FDCE                                         r  moore/reloj_local/horas_d_reg[0]/C
  -------------------------------------------------------------------    -------------------
    SLICE_X62Y22         FDCE (Prop_fdce_C_Q)         0.141     1.609 r  moore/reloj_local/horas_d_reg[0]/Q
                         net (fo=6, routed)           0.228     1.837    moore/reloj_local/hora_d[0]
    SLICE_X62Y23         LUT6 (Prop_lut6_I3_O)        0.045     1.882 f  moore/reloj_local/seg_OBUF[6]_inst_i_2/O
                         net (fo=7, routed)           0.123     2.004    moore/reloj_local/seg_OBUF[6]_inst_i_2_n_0
    SLICE_X64Y22         LUT4 (Prop_lut4_I0_O)        0.045     2.049 r  moore/reloj_local/seg_OBUF[6]_inst_i_1/O
                         net (fo=1, routed)           0.447     2.497    seg_OBUF[6]
    U7                   OBUF (Prop_obuf_I_O)         1.232     3.729 r  seg_OBUF[6]_inst/O
                         net (fo=0)                   0.000     3.729    seg[6]
    U7                                                                r  seg[6] (OUT)
  -------------------------------------------------------------------    -------------------

Slack:                    inf
  Source:                 moore/reloj_local/horas_d_reg[1]/C
                            (rising edge-triggered cell FDCE clocked by sys_clk_pin  {rise@0.000ns fall@5.000ns period=10.000ns})
  Destination:            seg[0]
                            (output port)
  Path Group:             (none)
  Path Type:              Min at Fast Process Corner
  Data Path Delay:        2.266ns  (logic 1.484ns (65.493%)  route 0.782ns (34.507%))
  Logic Levels:           3  (LUT4=1 LUT6=1 OBUF=1)
  Clock Uncertainty:      0.025ns  ((TSJ^2 + TIJ^2)^1/2 + DJ) / 2 + PE
    Total System Jitter     (TSJ):    0.050ns
    Total Input Jitter      (TIJ):    0.000ns
    Discrete Jitter          (DJ):    0.000ns
    Phase Error              (PE):    0.000ns

    Location             Delay type                Incr(ns)  Path(ns)    Netlist Resource(s)
  -------------------------------------------------------------------    -------------------
                         (clock sys_clk_pin rise edge)
                                                      0.000     0.000 r  
    W5                                                0.000     0.000 r  clk (IN)
                         net (fo=0)                   0.000     0.000    clk
    W5                   IBUF (Prop_ibuf_I_O)         0.226     0.226 r  clk_IBUF_inst/O
                         net (fo=1, routed)           0.631     0.858    clk_IBUF
    BUFGCTRL_X0Y0        BUFG (Prop_bufg_I_O)         0.026     0.884 r  clk_IBUF_BUFG_inst/O
                         net (fo=98, routed)          0.585     1.468    moore/reloj_local/clk_IBUF_BUFG
    SLICE_X62Y22         FDCE                                         r  moore/reloj_local/horas_d_reg[1]/C
  -------------------------------------------------------------------    -------------------
    SLICE_X62Y22         FDCE (Prop_fdce_C_Q)         0.128     1.596 r  moore/reloj_local/horas_d_reg[1]/Q
                         net (fo=5, routed)           0.178     1.774    moore/reloj_local/hora_d[1]
    SLICE_X62Y22         LUT6 (Prop_lut6_I4_O)        0.099     1.873 r  moore/reloj_local/seg_OBUF[6]_inst_i_3/O
                         net (fo=7, routed)           0.207     2.080    moore/reloj_local/seg_OBUF[6]_inst_i_3_n_0
    SLICE_X64Y22         LUT4 (Prop_lut4_I2_O)        0.045     2.125 r  moore/reloj_local/seg_OBUF[0]_inst_i_1/O
                         net (fo=1, routed)           0.397     2.522    seg_OBUF[0]
    W7                   OBUF (Prop_obuf_I_O)         1.212     3.734 r  seg_OBUF[0]_inst/O
                         net (fo=0)                   0.000     3.734    seg[0]
    W7                                                                r  seg[0] (OUT)
  -------------------------------------------------------------------    -------------------

Slack:                    inf
  Source:                 moore/reloj_local/horas_d_reg[0]/C
                            (rising edge-triggered cell FDCE clocked by sys_clk_pin  {rise@0.000ns fall@5.000ns period=10.000ns})
  Destination:            seg[2]
                            (output port)
  Path Group:             (none)
  Path Type:              Min at Fast Process Corner
  Data Path Delay:        2.309ns  (logic 1.542ns (66.773%)  route 0.767ns (33.227%))
  Logic Levels:           3  (LUT4=1 LUT6=1 OBUF=1)
  Clock Uncertainty:      0.025ns  ((TSJ^2 + TIJ^2)^1/2 + DJ) / 2 + PE
    Total System Jitter     (TSJ):    0.050ns
    Total Input Jitter      (TIJ):    0.000ns
    Discrete Jitter          (DJ):    0.000ns
    Phase Error              (PE):    0.000ns

    Location             Delay type                Incr(ns)  Path(ns)    Netlist Resource(s)
  -------------------------------------------------------------------    -------------------
                         (clock sys_clk_pin rise edge)
                                                      0.000     0.000 r  
    W5                                                0.000     0.000 r  clk (IN)
                         net (fo=0)                   0.000     0.000    clk
    W5                   IBUF (Prop_ibuf_I_O)         0.226     0.226 r  clk_IBUF_inst/O
                         net (fo=1, routed)           0.631     0.858    clk_IBUF
    BUFGCTRL_X0Y0        BUFG (Prop_bufg_I_O)         0.026     0.884 r  clk_IBUF_BUFG_inst/O
                         net (fo=98, routed)          0.585     1.468    moore/reloj_local/clk_IBUF_BUFG
    SLICE_X62Y22         FDCE                                         r  moore/reloj_local/horas_d_reg[0]/C
  -------------------------------------------------------------------    -------------------
    SLICE_X62Y22         FDCE (Prop_fdce_C_Q)         0.141     1.609 f  moore/reloj_local/horas_d_reg[0]/Q
                         net (fo=6, routed)           0.228     1.837    moore/reloj_local/hora_d[0]
    SLICE_X62Y23         LUT6 (Prop_lut6_I3_O)        0.045     1.882 r  moore/reloj_local/seg_OBUF[6]_inst_i_2/O
                         net (fo=7, routed)           0.210     2.091    moore/reloj_local/seg_OBUF[6]_inst_i_2_n_0
    SLICE_X64Y22         LUT4 (Prop_lut4_I1_O)        0.047     2.138 r  moore/reloj_local/seg_OBUF[2]_inst_i_1/O
                         net (fo=1, routed)           0.330     2.468    seg_OBUF[2]
    U8                   OBUF (Prop_obuf_I_O)         1.309     3.777 r  seg_OBUF[2]_inst/O
                         net (fo=0)                   0.000     3.777    seg[2]
    U8                                                                r  seg[2] (OUT)
  -------------------------------------------------------------------    -------------------





--------------------------------------------------------------------------------------
Path Group:  (none)
From Clock:  
  To Clock:  sys_clk_pin

Max Delay            52 Endpoints
Min Delay            52 Endpoints
--------------------------------------------------------------------------------------


Max Delay Paths
--------------------------------------------------------------------------------------
Slack:                    inf
  Source:                 reset
                            (input port)
  Destination:            btnU_d_reg/CE
                            (rising edge-triggered cell FDRE clocked by sys_clk_pin  {rise@0.000ns fall@5.000ns period=10.000ns})
  Path Group:             (none)
  Path Type:              Setup (Max at Slow Process Corner)
  Data Path Delay:        5.938ns  (logic 1.565ns (26.361%)  route 4.373ns (73.639%))
  Logic Levels:           2  (IBUF=1 LUT1=1)
  Clock Path Skew:        4.845ns (DCD - SCD + CPR)
    Destination Clock Delay (DCD):    4.845ns
    Source Clock Delay      (SCD):    0.000ns
    Clock Pessimism Removal (CPR):    0.000ns
  Clock Uncertainty:      0.025ns  ((TSJ^2 + TIJ^2)^1/2 + DJ) / 2 + PE
    Total System Jitter     (TSJ):    0.050ns
    Total Input Jitter      (TIJ):    0.000ns
    Discrete Jitter          (DJ):    0.000ns
    Phase Error              (PE):    0.000ns

    Location             Delay type                Incr(ns)  Path(ns)    Netlist Resource(s)
  -------------------------------------------------------------------    -------------------
    U18                                               0.000     0.000 f  reset (IN)
                         net (fo=0)                   0.000     0.000    reset
    U18                  IBUF (Prop_ibuf_I_O)         1.441     1.441 f  reset_IBUF_inst/O
                         net (fo=55, routed)          3.804     5.246    reset_IBUF
    SLICE_X59Y22         LUT1 (Prop_lut1_I0_O)        0.124     5.370 r  btnU_d_i_1/O
                         net (fo=1, routed)           0.568     5.938    btnU_d_i_1_n_0
    SLICE_X58Y22         FDRE                                         r  btnU_d_reg/CE
  -------------------------------------------------------------------    -------------------

                         (clock sys_clk_pin rise edge)
                                                      0.000     0.000 r  
    W5                                                0.000     0.000 r  clk (IN)
                         net (fo=0)                   0.000     0.000    clk
    W5                   IBUF (Prop_ibuf_I_O)         1.388     1.388 r  clk_IBUF_inst/O
                         net (fo=1, routed)           1.862     3.250    clk_IBUF
    BUFGCTRL_X0Y0        BUFG (Prop_bufg_I_O)         0.091     3.341 r  clk_IBUF_BUFG_inst/O
                         net (fo=98, routed)          1.504     4.845    clk_IBUF_BUFG
    SLICE_X58Y22         FDRE                                         r  btnU_d_reg/C

Slack:                    inf
  Source:                 reset
                            (input port)
  Destination:            moore/reloj_local/horas_d_reg[2]/CLR
                            (recovery check against rising-edge clock sys_clk_pin  {rise@0.000ns fall@5.000ns period=10.000ns})
  Path Group:             (none)
  Path Type:              Recovery (Max at Slow Process Corner)
  Data Path Delay:        5.400ns  (logic 1.441ns (26.690%)  route 3.959ns (73.310%))
  Logic Levels:           1  (IBUF=1)
  Clock Path Skew:        4.843ns (DCD - SCD + CPR)
    Destination Clock Delay (DCD):    4.843ns
    Source Clock Delay      (SCD):    0.000ns
    Clock Pessimism Removal (CPR):    0.000ns
  Clock Uncertainty:      0.025ns  ((TSJ^2 + TIJ^2)^1/2 + DJ) / 2 + PE
    Total System Jitter     (TSJ):    0.050ns
    Total Input Jitter      (TIJ):    0.000ns
    Discrete Jitter          (DJ):    0.000ns
    Phase Error              (PE):    0.000ns

    Location             Delay type                Incr(ns)  Path(ns)    Netlist Resource(s)
  -------------------------------------------------------------------    -------------------
    U18                                               0.000     0.000 f  reset (IN)
                         net (fo=0)                   0.000     0.000    reset
    U18                  IBUF (Prop_ibuf_I_O)         1.441     1.441 f  reset_IBUF_inst/O
                         net (fo=55, routed)          3.959     5.400    moore/reloj_local/AR[0]
    SLICE_X62Y24         FDCE                                         f  moore/reloj_local/horas_d_reg[2]/CLR
  -------------------------------------------------------------------    -------------------

                         (clock sys_clk_pin rise edge)
                                                      0.000     0.000 r  
    W5                                                0.000     0.000 r  clk (IN)
                         net (fo=0)                   0.000     0.000    clk
    W5                   IBUF (Prop_ibuf_I_O)         1.388     1.388 r  clk_IBUF_inst/O
                         net (fo=1, routed)           1.862     3.250    clk_IBUF
    BUFGCTRL_X0Y0        BUFG (Prop_bufg_I_O)         0.091     3.341 r  clk_IBUF_BUFG_inst/O
                         net (fo=98, routed)          1.502     4.843    moore/reloj_local/clk_IBUF_BUFG
    SLICE_X62Y24         FDCE                                         r  moore/reloj_local/horas_d_reg[2]/C

Slack:                    inf
  Source:                 reset
                            (input port)
  Destination:            moore/reloj_local/horas_d_reg[3]/CLR
                            (recovery check against rising-edge clock sys_clk_pin  {rise@0.000ns fall@5.000ns period=10.000ns})
  Path Group:             (none)
  Path Type:              Recovery (Max at Slow Process Corner)
  Data Path Delay:        5.400ns  (logic 1.441ns (26.690%)  route 3.959ns (73.310%))
  Logic Levels:           1  (IBUF=1)
  Clock Path Skew:        4.843ns (DCD - SCD + CPR)
    Destination Clock Delay (DCD):    4.843ns
    Source Clock Delay      (SCD):    0.000ns
    Clock Pessimism Removal (CPR):    0.000ns
  Clock Uncertainty:      0.025ns  ((TSJ^2 + TIJ^2)^1/2 + DJ) / 2 + PE
    Total System Jitter     (TSJ):    0.050ns
    Total Input Jitter      (TIJ):    0.000ns
    Discrete Jitter          (DJ):    0.000ns
    Phase Error              (PE):    0.000ns

    Location             Delay type                Incr(ns)  Path(ns)    Netlist Resource(s)
  -------------------------------------------------------------------    -------------------
    U18                                               0.000     0.000 f  reset (IN)
                         net (fo=0)                   0.000     0.000    reset
    U18                  IBUF (Prop_ibuf_I_O)         1.441     1.441 f  reset_IBUF_inst/O
                         net (fo=55, routed)          3.959     5.400    moore/reloj_local/AR[0]
    SLICE_X62Y24         FDCE                                         f  moore/reloj_local/horas_d_reg[3]/CLR
  -------------------------------------------------------------------    -------------------

                         (clock sys_clk_pin rise edge)
                                                      0.000     0.000 r  
    W5                                                0.000     0.000 r  clk (IN)
                         net (fo=0)                   0.000     0.000    clk
    W5                   IBUF (Prop_ibuf_I_O)         1.388     1.388 r  clk_IBUF_inst/O
                         net (fo=1, routed)           1.862     3.250    clk_IBUF
    BUFGCTRL_X0Y0        BUFG (Prop_bufg_I_O)         0.091     3.341 r  clk_IBUF_BUFG_inst/O
                         net (fo=98, routed)          1.502     4.843    moore/reloj_local/clk_IBUF_BUFG
    SLICE_X62Y24         FDCE                                         r  moore/reloj_local/horas_d_reg[3]/C

Slack:                    inf
  Source:                 reset
                            (input port)
  Destination:            moore/reloj_local/horas_u_reg[0]/CLR
                            (recovery check against rising-edge clock sys_clk_pin  {rise@0.000ns fall@5.000ns period=10.000ns})
  Path Group:             (none)
  Path Type:              Recovery (Max at Slow Process Corner)
  Data Path Delay:        5.396ns  (logic 1.441ns (26.711%)  route 3.955ns (73.289%))
  Logic Levels:           1  (IBUF=1)
  Clock Path Skew:        4.843ns (DCD - SCD + CPR)
    Destination Clock Delay (DCD):    4.843ns
    Source Clock Delay      (SCD):    0.000ns
    Clock Pessimism Removal (CPR):    0.000ns
  Clock Uncertainty:      0.025ns  ((TSJ^2 + TIJ^2)^1/2 + DJ) / 2 + PE
    Total System Jitter     (TSJ):    0.050ns
    Total Input Jitter      (TIJ):    0.000ns
    Discrete Jitter          (DJ):    0.000ns
    Phase Error              (PE):    0.000ns

    Location             Delay type                Incr(ns)  Path(ns)    Netlist Resource(s)
  -------------------------------------------------------------------    -------------------
    U18                                               0.000     0.000 f  reset (IN)
                         net (fo=0)                   0.000     0.000    reset
    U18                  IBUF (Prop_ibuf_I_O)         1.441     1.441 f  reset_IBUF_inst/O
                         net (fo=55, routed)          3.955     5.396    moore/reloj_local/AR[0]
    SLICE_X63Y24         FDCE                                         f  moore/reloj_local/horas_u_reg[0]/CLR
  -------------------------------------------------------------------    -------------------

                         (clock sys_clk_pin rise edge)
                                                      0.000     0.000 r  
    W5                                                0.000     0.000 r  clk (IN)
                         net (fo=0)                   0.000     0.000    clk
    W5                   IBUF (Prop_ibuf_I_O)         1.388     1.388 r  clk_IBUF_inst/O
                         net (fo=1, routed)           1.862     3.250    clk_IBUF
    BUFGCTRL_X0Y0        BUFG (Prop_bufg_I_O)         0.091     3.341 r  clk_IBUF_BUFG_inst/O
                         net (fo=98, routed)          1.502     4.843    moore/reloj_local/clk_IBUF_BUFG
    SLICE_X63Y24         FDCE                                         r  moore/reloj_local/horas_u_reg[0]/C

Slack:                    inf
  Source:                 reset
                            (input port)
  Destination:            moore/reloj_local/horas_u_reg[1]/CLR
                            (recovery check against rising-edge clock sys_clk_pin  {rise@0.000ns fall@5.000ns period=10.000ns})
  Path Group:             (none)
  Path Type:              Recovery (Max at Slow Process Corner)
  Data Path Delay:        5.396ns  (logic 1.441ns (26.711%)  route 3.955ns (73.289%))
  Logic Levels:           1  (IBUF=1)
  Clock Path Skew:        4.843ns (DCD - SCD + CPR)
    Destination Clock Delay (DCD):    4.843ns
    Source Clock Delay      (SCD):    0.000ns
    Clock Pessimism Removal (CPR):    0.000ns
  Clock Uncertainty:      0.025ns  ((TSJ^2 + TIJ^2)^1/2 + DJ) / 2 + PE
    Total System Jitter     (TSJ):    0.050ns
    Total Input Jitter      (TIJ):    0.000ns
    Discrete Jitter          (DJ):    0.000ns
    Phase Error              (PE):    0.000ns

    Location             Delay type                Incr(ns)  Path(ns)    Netlist Resource(s)
  -------------------------------------------------------------------    -------------------
    U18                                               0.000     0.000 f  reset (IN)
                         net (fo=0)                   0.000     0.000    reset
    U18                  IBUF (Prop_ibuf_I_O)         1.441     1.441 f  reset_IBUF_inst/O
                         net (fo=55, routed)          3.955     5.396    moore/reloj_local/AR[0]
    SLICE_X63Y24         FDCE                                         f  moore/reloj_local/horas_u_reg[1]/CLR
  -------------------------------------------------------------------    -------------------

                         (clock sys_clk_pin rise edge)
                                                      0.000     0.000 r  
    W5                                                0.000     0.000 r  clk (IN)
                         net (fo=0)                   0.000     0.000    clk
    W5                   IBUF (Prop_ibuf_I_O)         1.388     1.388 r  clk_IBUF_inst/O
                         net (fo=1, routed)           1.862     3.250    clk_IBUF
    BUFGCTRL_X0Y0        BUFG (Prop_bufg_I_O)         0.091     3.341 r  clk_IBUF_BUFG_inst/O
                         net (fo=98, routed)          1.502     4.843    moore/reloj_local/clk_IBUF_BUFG
    SLICE_X63Y24         FDCE                                         r  moore/reloj_local/horas_u_reg[1]/C

Slack:                    inf
  Source:                 reset
                            (input port)
  Destination:            moore/reloj_local/horas_u_reg[2]/CLR
                            (recovery check against rising-edge clock sys_clk_pin  {rise@0.000ns fall@5.000ns period=10.000ns})
  Path Group:             (none)
  Path Type:              Recovery (Max at Slow Process Corner)
  Data Path Delay:        5.396ns  (logic 1.441ns (26.711%)  route 3.955ns (73.289%))
  Logic Levels:           1  (IBUF=1)
  Clock Path Skew:        4.843ns (DCD - SCD + CPR)
    Destination Clock Delay (DCD):    4.843ns
    Source Clock Delay      (SCD):    0.000ns
    Clock Pessimism Removal (CPR):    0.000ns
  Clock Uncertainty:      0.025ns  ((TSJ^2 + TIJ^2)^1/2 + DJ) / 2 + PE
    Total System Jitter     (TSJ):    0.050ns
    Total Input Jitter      (TIJ):    0.000ns
    Discrete Jitter          (DJ):    0.000ns
    Phase Error              (PE):    0.000ns

    Location             Delay type                Incr(ns)  Path(ns)    Netlist Resource(s)
  -------------------------------------------------------------------    -------------------
    U18                                               0.000     0.000 f  reset (IN)
                         net (fo=0)                   0.000     0.000    reset
    U18                  IBUF (Prop_ibuf_I_O)         1.441     1.441 f  reset_IBUF_inst/O
                         net (fo=55, routed)          3.955     5.396    moore/reloj_local/AR[0]
    SLICE_X63Y24         FDCE                                         f  moore/reloj_local/horas_u_reg[2]/CLR
  -------------------------------------------------------------------    -------------------

                         (clock sys_clk_pin rise edge)
                                                      0.000     0.000 r  
    W5                                                0.000     0.000 r  clk (IN)
                         net (fo=0)                   0.000     0.000    clk
    W5                   IBUF (Prop_ibuf_I_O)         1.388     1.388 r  clk_IBUF_inst/O
                         net (fo=1, routed)           1.862     3.250    clk_IBUF
    BUFGCTRL_X0Y0        BUFG (Prop_bufg_I_O)         0.091     3.341 r  clk_IBUF_BUFG_inst/O
                         net (fo=98, routed)          1.502     4.843    moore/reloj_local/clk_IBUF_BUFG
    SLICE_X63Y24         FDCE                                         r  moore/reloj_local/horas_u_reg[2]/C

Slack:                    inf
  Source:                 reset
                            (input port)
  Destination:            moore/reloj_local/mins_d_reg[1]/CLR
                            (recovery check against rising-edge clock sys_clk_pin  {rise@0.000ns fall@5.000ns period=10.000ns})
  Path Group:             (none)
  Path Type:              Recovery (Max at Slow Process Corner)
  Data Path Delay:        5.254ns  (logic 1.441ns (27.430%)  route 3.813ns (72.570%))
  Logic Levels:           1  (IBUF=1)
  Clock Path Skew:        4.845ns (DCD - SCD + CPR)
    Destination Clock Delay (DCD):    4.845ns
    Source Clock Delay      (SCD):    0.000ns
    Clock Pessimism Removal (CPR):    0.000ns
  Clock Uncertainty:      0.025ns  ((TSJ^2 + TIJ^2)^1/2 + DJ) / 2 + PE
    Total System Jitter     (TSJ):    0.050ns
    Total Input Jitter      (TIJ):    0.000ns
    Discrete Jitter          (DJ):    0.000ns
    Phase Error              (PE):    0.000ns

    Location             Delay type                Incr(ns)  Path(ns)    Netlist Resource(s)
  -------------------------------------------------------------------    -------------------
    U18                                               0.000     0.000 f  reset (IN)
                         net (fo=0)                   0.000     0.000    reset
    U18                  IBUF (Prop_ibuf_I_O)         1.441     1.441 f  reset_IBUF_inst/O
                         net (fo=55, routed)          3.813     5.254    moore/reloj_local/AR[0]
    SLICE_X62Y23         FDCE                                         f  moore/reloj_local/mins_d_reg[1]/CLR
  -------------------------------------------------------------------    -------------------

                         (clock sys_clk_pin rise edge)
                                                      0.000     0.000 r  
    W5                                                0.000     0.000 r  clk (IN)
                         net (fo=0)                   0.000     0.000    clk
    W5                   IBUF (Prop_ibuf_I_O)         1.388     1.388 r  clk_IBUF_inst/O
                         net (fo=1, routed)           1.862     3.250    clk_IBUF
    BUFGCTRL_X0Y0        BUFG (Prop_bufg_I_O)         0.091     3.341 r  clk_IBUF_BUFG_inst/O
                         net (fo=98, routed)          1.504     4.845    moore/reloj_local/clk_IBUF_BUFG
    SLICE_X62Y23         FDCE                                         r  moore/reloj_local/mins_d_reg[1]/C

Slack:                    inf
  Source:                 reset
                            (input port)
  Destination:            moore/reloj_local/mins_u_reg[0]/CLR
                            (recovery check against rising-edge clock sys_clk_pin  {rise@0.000ns fall@5.000ns period=10.000ns})
  Path Group:             (none)
  Path Type:              Recovery (Max at Slow Process Corner)
  Data Path Delay:        5.253ns  (logic 1.441ns (27.440%)  route 3.811ns (72.560%))
  Logic Levels:           1  (IBUF=1)
  Clock Path Skew:        4.844ns (DCD - SCD + CPR)
    Destination Clock Delay (DCD):    4.844ns
    Source Clock Delay      (SCD):    0.000ns
    Clock Pessimism Removal (CPR):    0.000ns
  Clock Uncertainty:      0.025ns  ((TSJ^2 + TIJ^2)^1/2 + DJ) / 2 + PE
    Total System Jitter     (TSJ):    0.050ns
    Total Input Jitter      (TIJ):    0.000ns
    Discrete Jitter          (DJ):    0.000ns
    Phase Error              (PE):    0.000ns

    Location             Delay type                Incr(ns)  Path(ns)    Netlist Resource(s)
  -------------------------------------------------------------------    -------------------
    U18                                               0.000     0.000 f  reset (IN)
                         net (fo=0)                   0.000     0.000    reset
    U18                  IBUF (Prop_ibuf_I_O)         1.441     1.441 f  reset_IBUF_inst/O
                         net (fo=55, routed)          3.811     5.253    moore/reloj_local/AR[0]
    SLICE_X60Y23         FDCE                                         f  moore/reloj_local/mins_u_reg[0]/CLR
  -------------------------------------------------------------------    -------------------

                         (clock sys_clk_pin rise edge)
                                                      0.000     0.000 r  
    W5                                                0.000     0.000 r  clk (IN)
                         net (fo=0)                   0.000     0.000    clk
    W5                   IBUF (Prop_ibuf_I_O)         1.388     1.388 r  clk_IBUF_inst/O
                         net (fo=1, routed)           1.862     3.250    clk_IBUF
    BUFGCTRL_X0Y0        BUFG (Prop_bufg_I_O)         0.091     3.341 r  clk_IBUF_BUFG_inst/O
                         net (fo=98, routed)          1.503     4.844    moore/reloj_local/clk_IBUF_BUFG
    SLICE_X60Y23         FDCE                                         r  moore/reloj_local/mins_u_reg[0]/C

Slack:                    inf
  Source:                 reset
                            (input port)
  Destination:            moore/reloj_local/mins_u_reg[1]/CLR
                            (recovery check against rising-edge clock sys_clk_pin  {rise@0.000ns fall@5.000ns period=10.000ns})
  Path Group:             (none)
  Path Type:              Recovery (Max at Slow Process Corner)
  Data Path Delay:        5.253ns  (logic 1.441ns (27.440%)  route 3.811ns (72.560%))
  Logic Levels:           1  (IBUF=1)
  Clock Path Skew:        4.844ns (DCD - SCD + CPR)
    Destination Clock Delay (DCD):    4.844ns
    Source Clock Delay      (SCD):    0.000ns
    Clock Pessimism Removal (CPR):    0.000ns
  Clock Uncertainty:      0.025ns  ((TSJ^2 + TIJ^2)^1/2 + DJ) / 2 + PE
    Total System Jitter     (TSJ):    0.050ns
    Total Input Jitter      (TIJ):    0.000ns
    Discrete Jitter          (DJ):    0.000ns
    Phase Error              (PE):    0.000ns

    Location             Delay type                Incr(ns)  Path(ns)    Netlist Resource(s)
  -------------------------------------------------------------------    -------------------
    U18                                               0.000     0.000 f  reset (IN)
                         net (fo=0)                   0.000     0.000    reset
    U18                  IBUF (Prop_ibuf_I_O)         1.441     1.441 f  reset_IBUF_inst/O
                         net (fo=55, routed)          3.811     5.253    moore/reloj_local/AR[0]
    SLICE_X60Y23         FDCE                                         f  moore/reloj_local/mins_u_reg[1]/CLR
  -------------------------------------------------------------------    -------------------

                         (clock sys_clk_pin rise edge)
                                                      0.000     0.000 r  
    W5                                                0.000     0.000 r  clk (IN)
                         net (fo=0)                   0.000     0.000    clk
    W5                   IBUF (Prop_ibuf_I_O)         1.388     1.388 r  clk_IBUF_inst/O
                         net (fo=1, routed)           1.862     3.250    clk_IBUF
    BUFGCTRL_X0Y0        BUFG (Prop_bufg_I_O)         0.091     3.341 r  clk_IBUF_BUFG_inst/O
                         net (fo=98, routed)          1.503     4.844    moore/reloj_local/clk_IBUF_BUFG
    SLICE_X60Y23         FDCE                                         r  moore/reloj_local/mins_u_reg[1]/C

Slack:                    inf
  Source:                 reset
                            (input port)
  Destination:            moore/reloj_local/mins_u_reg[2]/CLR
                            (recovery check against rising-edge clock sys_clk_pin  {rise@0.000ns fall@5.000ns period=10.000ns})
  Path Group:             (none)
  Path Type:              Recovery (Max at Slow Process Corner)
  Data Path Delay:        5.253ns  (logic 1.441ns (27.440%)  route 3.811ns (72.560%))
  Logic Levels:           1  (IBUF=1)
  Clock Path Skew:        4.844ns (DCD - SCD + CPR)
    Destination Clock Delay (DCD):    4.844ns
    Source Clock Delay      (SCD):    0.000ns
    Clock Pessimism Removal (CPR):    0.000ns
  Clock Uncertainty:      0.025ns  ((TSJ^2 + TIJ^2)^1/2 + DJ) / 2 + PE
    Total System Jitter     (TSJ):    0.050ns
    Total Input Jitter      (TIJ):    0.000ns
    Discrete Jitter          (DJ):    0.000ns
    Phase Error              (PE):    0.000ns

    Location             Delay type                Incr(ns)  Path(ns)    Netlist Resource(s)
  -------------------------------------------------------------------    -------------------
    U18                                               0.000     0.000 f  reset (IN)
                         net (fo=0)                   0.000     0.000    reset
    U18                  IBUF (Prop_ibuf_I_O)         1.441     1.441 f  reset_IBUF_inst/O
                         net (fo=55, routed)          3.811     5.253    moore/reloj_local/AR[0]
    SLICE_X60Y23         FDCE                                         f  moore/reloj_local/mins_u_reg[2]/CLR
  -------------------------------------------------------------------    -------------------

                         (clock sys_clk_pin rise edge)
                                                      0.000     0.000 r  
    W5                                                0.000     0.000 r  clk (IN)
                         net (fo=0)                   0.000     0.000    clk
    W5                   IBUF (Prop_ibuf_I_O)         1.388     1.388 r  clk_IBUF_inst/O
                         net (fo=1, routed)           1.862     3.250    clk_IBUF
    BUFGCTRL_X0Y0        BUFG (Prop_bufg_I_O)         0.091     3.341 r  clk_IBUF_BUFG_inst/O
                         net (fo=98, routed)          1.503     4.844    moore/reloj_local/clk_IBUF_BUFG
    SLICE_X60Y23         FDCE                                         r  moore/reloj_local/mins_u_reg[2]/C





Min Delay Paths
--------------------------------------------------------------------------------------
Slack:                    inf
  Source:                 btnU
                            (input port)
  Destination:            btnU_d_reg/D
                            (rising edge-triggered cell FDRE clocked by sys_clk_pin  {rise@0.000ns fall@5.000ns period=10.000ns})
  Path Group:             (none)
  Path Type:              Hold (Min at Fast Process Corner)
  Data Path Delay:        1.570ns  (logic 0.222ns (14.136%)  route 1.348ns (85.864%))
  Logic Levels:           1  (IBUF=1)
  Clock Path Skew:        1.978ns (DCD - SCD - CPR)
    Destination Clock Delay (DCD):    1.978ns
    Source Clock Delay      (SCD):    0.000ns
    Clock Pessimism Removal (CPR):    -0.000ns

    Location             Delay type                Incr(ns)  Path(ns)    Netlist Resource(s)
  -------------------------------------------------------------------    -------------------
    T18                                               0.000     0.000 r  btnU (IN)
                         net (fo=0)                   0.000     0.000    btnU
    T18                  IBUF (Prop_ibuf_I_O)         0.222     0.222 r  btnU_IBUF_inst/O
                         net (fo=2, routed)           1.348     1.570    btnU_IBUF
    SLICE_X58Y22         FDRE                                         r  btnU_d_reg/D
  -------------------------------------------------------------------    -------------------

                         (clock sys_clk_pin rise edge)
                                                      0.000     0.000 r  
    W5                                                0.000     0.000 r  clk (IN)
                         net (fo=0)                   0.000     0.000    clk
    W5                   IBUF (Prop_ibuf_I_O)         0.414     0.414 r  clk_IBUF_inst/O
                         net (fo=1, routed)           0.685     1.099    clk_IBUF
    BUFGCTRL_X0Y0        BUFG (Prop_bufg_I_O)         0.029     1.128 r  clk_IBUF_BUFG_inst/O
                         net (fo=98, routed)          0.851     1.978    clk_IBUF_BUFG
    SLICE_X58Y22         FDRE                                         r  btnU_d_reg/C

Slack:                    inf
  Source:                 reset
                            (input port)
  Destination:            moore/reloj_local/segundos_reg[0]/CLR
                            (removal check against rising-edge clock sys_clk_pin  {rise@0.000ns fall@5.000ns period=10.000ns})
  Path Group:             (none)
  Path Type:              Removal (Min at Fast Process Corner)
  Data Path Delay:        1.576ns  (logic 0.210ns (13.294%)  route 1.367ns (86.706%))
  Logic Levels:           1  (IBUF=1)
  Clock Path Skew:        1.951ns (DCD - SCD - CPR)
    Destination Clock Delay (DCD):    1.951ns
    Source Clock Delay      (SCD):    0.000ns
    Clock Pessimism Removal (CPR):    -0.000ns

    Location             Delay type                Incr(ns)  Path(ns)    Netlist Resource(s)
  -------------------------------------------------------------------    -------------------
    U18                                               0.000     0.000 f  reset (IN)
                         net (fo=0)                   0.000     0.000    reset
    U18                  IBUF (Prop_ibuf_I_O)         0.210     0.210 f  reset_IBUF_inst/O
                         net (fo=55, routed)          1.367     1.576    moore/reloj_local/AR[0]
    SLICE_X55Y22         FDCE                                         f  moore/reloj_local/segundos_reg[0]/CLR
  -------------------------------------------------------------------    -------------------

                         (clock sys_clk_pin rise edge)
                                                      0.000     0.000 r  
    W5                                                0.000     0.000 r  clk (IN)
                         net (fo=0)                   0.000     0.000    clk
    W5                   IBUF (Prop_ibuf_I_O)         0.414     0.414 r  clk_IBUF_inst/O
                         net (fo=1, routed)           0.685     1.099    clk_IBUF
    BUFGCTRL_X0Y0        BUFG (Prop_bufg_I_O)         0.029     1.128 r  clk_IBUF_BUFG_inst/O
                         net (fo=98, routed)          0.824     1.951    moore/reloj_local/clk_IBUF_BUFG
    SLICE_X55Y22         FDCE                                         r  moore/reloj_local/segundos_reg[0]/C

Slack:                    inf
  Source:                 reset
                            (input port)
  Destination:            moore/reloj_local/segundos_reg[1]/CLR
                            (removal check against rising-edge clock sys_clk_pin  {rise@0.000ns fall@5.000ns period=10.000ns})
  Path Group:             (none)
  Path Type:              Removal (Min at Fast Process Corner)
  Data Path Delay:        1.576ns  (logic 0.210ns (13.294%)  route 1.367ns (86.706%))
  Logic Levels:           1  (IBUF=1)
  Clock Path Skew:        1.951ns (DCD - SCD - CPR)
    Destination Clock Delay (DCD):    1.951ns
    Source Clock Delay      (SCD):    0.000ns
    Clock Pessimism Removal (CPR):    -0.000ns

    Location             Delay type                Incr(ns)  Path(ns)    Netlist Resource(s)
  -------------------------------------------------------------------    -------------------
    U18                                               0.000     0.000 f  reset (IN)
                         net (fo=0)                   0.000     0.000    reset
    U18                  IBUF (Prop_ibuf_I_O)         0.210     0.210 f  reset_IBUF_inst/O
                         net (fo=55, routed)          1.367     1.576    moore/reloj_local/AR[0]
    SLICE_X55Y22         FDCE                                         f  moore/reloj_local/segundos_reg[1]/CLR
  -------------------------------------------------------------------    -------------------

                         (clock sys_clk_pin rise edge)
                                                      0.000     0.000 r  
    W5                                                0.000     0.000 r  clk (IN)
                         net (fo=0)                   0.000     0.000    clk
    W5                   IBUF (Prop_ibuf_I_O)         0.414     0.414 r  clk_IBUF_inst/O
                         net (fo=1, routed)           0.685     1.099    clk_IBUF
    BUFGCTRL_X0Y0        BUFG (Prop_bufg_I_O)         0.029     1.128 r  clk_IBUF_BUFG_inst/O
                         net (fo=98, routed)          0.824     1.951    moore/reloj_local/clk_IBUF_BUFG
    SLICE_X55Y22         FDCE                                         r  moore/reloj_local/segundos_reg[1]/C

Slack:                    inf
  Source:                 reset
                            (input port)
  Destination:            moore/reloj_local/segundos_reg[2]/CLR
                            (removal check against rising-edge clock sys_clk_pin  {rise@0.000ns fall@5.000ns period=10.000ns})
  Path Group:             (none)
  Path Type:              Removal (Min at Fast Process Corner)
  Data Path Delay:        1.576ns  (logic 0.210ns (13.294%)  route 1.367ns (86.706%))
  Logic Levels:           1  (IBUF=1)
  Clock Path Skew:        1.951ns (DCD - SCD - CPR)
    Destination Clock Delay (DCD):    1.951ns
    Source Clock Delay      (SCD):    0.000ns
    Clock Pessimism Removal (CPR):    -0.000ns

    Location             Delay type                Incr(ns)  Path(ns)    Netlist Resource(s)
  -------------------------------------------------------------------    -------------------
    U18                                               0.000     0.000 f  reset (IN)
                         net (fo=0)                   0.000     0.000    reset
    U18                  IBUF (Prop_ibuf_I_O)         0.210     0.210 f  reset_IBUF_inst/O
                         net (fo=55, routed)          1.367     1.576    moore/reloj_local/AR[0]
    SLICE_X54Y22         FDCE                                         f  moore/reloj_local/segundos_reg[2]/CLR
  -------------------------------------------------------------------    -------------------

                         (clock sys_clk_pin rise edge)
                                                      0.000     0.000 r  
    W5                                                0.000     0.000 r  clk (IN)
                         net (fo=0)                   0.000     0.000    clk
    W5                   IBUF (Prop_ibuf_I_O)         0.414     0.414 r  clk_IBUF_inst/O
                         net (fo=1, routed)           0.685     1.099    clk_IBUF
    BUFGCTRL_X0Y0        BUFG (Prop_bufg_I_O)         0.029     1.128 r  clk_IBUF_BUFG_inst/O
                         net (fo=98, routed)          0.824     1.951    moore/reloj_local/clk_IBUF_BUFG
    SLICE_X54Y22         FDCE                                         r  moore/reloj_local/segundos_reg[2]/C

Slack:                    inf
  Source:                 reset
                            (input port)
  Destination:            moore/reloj_local/segundos_reg[3]/CLR
                            (removal check against rising-edge clock sys_clk_pin  {rise@0.000ns fall@5.000ns period=10.000ns})
  Path Group:             (none)
  Path Type:              Removal (Min at Fast Process Corner)
  Data Path Delay:        1.576ns  (logic 0.210ns (13.294%)  route 1.367ns (86.706%))
  Logic Levels:           1  (IBUF=1)
  Clock Path Skew:        1.951ns (DCD - SCD - CPR)
    Destination Clock Delay (DCD):    1.951ns
    Source Clock Delay      (SCD):    0.000ns
    Clock Pessimism Removal (CPR):    -0.000ns

    Location             Delay type                Incr(ns)  Path(ns)    Netlist Resource(s)
  -------------------------------------------------------------------    -------------------
    U18                                               0.000     0.000 f  reset (IN)
                         net (fo=0)                   0.000     0.000    reset
    U18                  IBUF (Prop_ibuf_I_O)         0.210     0.210 f  reset_IBUF_inst/O
                         net (fo=55, routed)          1.367     1.576    moore/reloj_local/AR[0]
    SLICE_X54Y22         FDCE                                         f  moore/reloj_local/segundos_reg[3]/CLR
  -------------------------------------------------------------------    -------------------

                         (clock sys_clk_pin rise edge)
                                                      0.000     0.000 r  
    W5                                                0.000     0.000 r  clk (IN)
                         net (fo=0)                   0.000     0.000    clk
    W5                   IBUF (Prop_ibuf_I_O)         0.414     0.414 r  clk_IBUF_inst/O
                         net (fo=1, routed)           0.685     1.099    clk_IBUF
    BUFGCTRL_X0Y0        BUFG (Prop_bufg_I_O)         0.029     1.128 r  clk_IBUF_BUFG_inst/O
                         net (fo=98, routed)          0.824     1.951    moore/reloj_local/clk_IBUF_BUFG
    SLICE_X54Y22         FDCE                                         r  moore/reloj_local/segundos_reg[3]/C

Slack:                    inf
  Source:                 reset
                            (input port)
  Destination:            moore/reloj_local/segundos_reg[4]/CLR
                            (removal check against rising-edge clock sys_clk_pin  {rise@0.000ns fall@5.000ns period=10.000ns})
  Path Group:             (none)
  Path Type:              Removal (Min at Fast Process Corner)
  Data Path Delay:        1.576ns  (logic 0.210ns (13.294%)  route 1.367ns (86.706%))
  Logic Levels:           1  (IBUF=1)
  Clock Path Skew:        1.951ns (DCD - SCD - CPR)
    Destination Clock Delay (DCD):    1.951ns
    Source Clock Delay      (SCD):    0.000ns
    Clock Pessimism Removal (CPR):    -0.000ns

    Location             Delay type                Incr(ns)  Path(ns)    Netlist Resource(s)
  -------------------------------------------------------------------    -------------------
    U18                                               0.000     0.000 f  reset (IN)
                         net (fo=0)                   0.000     0.000    reset
    U18                  IBUF (Prop_ibuf_I_O)         0.210     0.210 f  reset_IBUF_inst/O
                         net (fo=55, routed)          1.367     1.576    moore/reloj_local/AR[0]
    SLICE_X54Y22         FDCE                                         f  moore/reloj_local/segundos_reg[4]/CLR
  -------------------------------------------------------------------    -------------------

                         (clock sys_clk_pin rise edge)
                                                      0.000     0.000 r  
    W5                                                0.000     0.000 r  clk (IN)
                         net (fo=0)                   0.000     0.000    clk
    W5                   IBUF (Prop_ibuf_I_O)         0.414     0.414 r  clk_IBUF_inst/O
                         net (fo=1, routed)           0.685     1.099    clk_IBUF
    BUFGCTRL_X0Y0        BUFG (Prop_bufg_I_O)         0.029     1.128 r  clk_IBUF_BUFG_inst/O
                         net (fo=98, routed)          0.824     1.951    moore/reloj_local/clk_IBUF_BUFG
    SLICE_X54Y22         FDCE                                         r  moore/reloj_local/segundos_reg[4]/C

Slack:                    inf
  Source:                 reset
                            (input port)
  Destination:            moore/reloj_local/segundos_reg[5]/CLR
                            (removal check against rising-edge clock sys_clk_pin  {rise@0.000ns fall@5.000ns period=10.000ns})
  Path Group:             (none)
  Path Type:              Removal (Min at Fast Process Corner)
  Data Path Delay:        1.576ns  (logic 0.210ns (13.294%)  route 1.367ns (86.706%))
  Logic Levels:           1  (IBUF=1)
  Clock Path Skew:        1.951ns (DCD - SCD - CPR)
    Destination Clock Delay (DCD):    1.951ns
    Source Clock Delay      (SCD):    0.000ns
    Clock Pessimism Removal (CPR):    -0.000ns

    Location             Delay type                Incr(ns)  Path(ns)    Netlist Resource(s)
  -------------------------------------------------------------------    -------------------
    U18                                               0.000     0.000 f  reset (IN)
                         net (fo=0)                   0.000     0.000    reset
    U18                  IBUF (Prop_ibuf_I_O)         0.210     0.210 f  reset_IBUF_inst/O
                         net (fo=55, routed)          1.367     1.576    moore/reloj_local/AR[0]
    SLICE_X54Y22         FDCE                                         f  moore/reloj_local/segundos_reg[5]/CLR
  -------------------------------------------------------------------    -------------------

                         (clock sys_clk_pin rise edge)
                                                      0.000     0.000 r  
    W5                                                0.000     0.000 r  clk (IN)
                         net (fo=0)                   0.000     0.000    clk
    W5                   IBUF (Prop_ibuf_I_O)         0.414     0.414 r  clk_IBUF_inst/O
                         net (fo=1, routed)           0.685     1.099    clk_IBUF
    BUFGCTRL_X0Y0        BUFG (Prop_bufg_I_O)         0.029     1.128 r  clk_IBUF_BUFG_inst/O
                         net (fo=98, routed)          0.824     1.951    moore/reloj_local/clk_IBUF_BUFG
    SLICE_X54Y22         FDCE                                         r  moore/reloj_local/segundos_reg[5]/C

Slack:                    inf
  Source:                 btnU
                            (input port)
  Destination:            select_reg/D
                            (rising edge-triggered cell FDCE clocked by sys_clk_pin  {rise@0.000ns fall@5.000ns period=10.000ns})
  Path Group:             (none)
  Path Type:              Hold (Min at Fast Process Corner)
  Data Path Delay:        1.653ns  (logic 0.267ns (16.146%)  route 1.386ns (83.854%))
  Logic Levels:           2  (IBUF=1 LUT3=1)
  Clock Path Skew:        1.978ns (DCD - SCD - CPR)
    Destination Clock Delay (DCD):    1.978ns
    Source Clock Delay      (SCD):    0.000ns
    Clock Pessimism Removal (CPR):    -0.000ns

    Location             Delay type                Incr(ns)  Path(ns)    Netlist Resource(s)
  -------------------------------------------------------------------    -------------------
    T18                                               0.000     0.000 r  btnU (IN)
                         net (fo=0)                   0.000     0.000    btnU
    T18                  IBUF (Prop_ibuf_I_O)         0.222     0.222 r  btnU_IBUF_inst/O
                         net (fo=2, routed)           1.386     1.608    btnU_IBUF
    SLICE_X59Y22         LUT3 (Prop_lut3_I1_O)        0.045     1.653 r  select_i_1/O
                         net (fo=1, routed)           0.000     1.653    select_i_1_n_0
    SLICE_X59Y22         FDCE                                         r  select_reg/D
  -------------------------------------------------------------------    -------------------

                         (clock sys_clk_pin rise edge)
                                                      0.000     0.000 r  
    W5                                                0.000     0.000 r  clk (IN)
                         net (fo=0)                   0.000     0.000    clk
    W5                   IBUF (Prop_ibuf_I_O)         0.414     0.414 r  clk_IBUF_inst/O
                         net (fo=1, routed)           0.685     1.099    clk_IBUF
    BUFGCTRL_X0Y0        BUFG (Prop_bufg_I_O)         0.029     1.128 r  clk_IBUF_BUFG_inst/O
                         net (fo=98, routed)          0.851     1.978    clk_IBUF_BUFG
    SLICE_X59Y22         FDCE                                         r  select_reg/C

Slack:                    inf
  Source:                 reset
                            (input port)
  Destination:            moore/reloj_local/contador_reg[18]/CLR
                            (removal check against rising-edge clock sys_clk_pin  {rise@0.000ns fall@5.000ns period=10.000ns})
  Path Group:             (none)
  Path Type:              Removal (Min at Fast Process Corner)
  Data Path Delay:        1.727ns  (logic 0.210ns (12.129%)  route 1.518ns (87.871%))
  Logic Levels:           1  (IBUF=1)
  Clock Path Skew:        1.979ns (DCD - SCD - CPR)
    Destination Clock Delay (DCD):    1.979ns
    Source Clock Delay      (SCD):    0.000ns
    Clock Pessimism Removal (CPR):    -0.000ns

    Location             Delay type                Incr(ns)  Path(ns)    Netlist Resource(s)
  -------------------------------------------------------------------    -------------------
    U18                                               0.000     0.000 f  reset (IN)
                         net (fo=0)                   0.000     0.000    reset
    U18                  IBUF (Prop_ibuf_I_O)         0.210     0.210 f  reset_IBUF_inst/O
                         net (fo=55, routed)          1.518     1.727    moore/reloj_local/AR[0]
    SLICE_X59Y21         FDCE                                         f  moore/reloj_local/contador_reg[18]/CLR
  -------------------------------------------------------------------    -------------------

                         (clock sys_clk_pin rise edge)
                                                      0.000     0.000 r  
    W5                                                0.000     0.000 r  clk (IN)
                         net (fo=0)                   0.000     0.000    clk
    W5                   IBUF (Prop_ibuf_I_O)         0.414     0.414 r  clk_IBUF_inst/O
                         net (fo=1, routed)           0.685     1.099    clk_IBUF
    BUFGCTRL_X0Y0        BUFG (Prop_bufg_I_O)         0.029     1.128 r  clk_IBUF_BUFG_inst/O
                         net (fo=98, routed)          0.852     1.979    moore/reloj_local/clk_IBUF_BUFG
    SLICE_X59Y21         FDCE                                         r  moore/reloj_local/contador_reg[18]/C

Slack:                    inf
  Source:                 reset
                            (input port)
  Destination:            moore/reloj_local/contador_reg[19]/CLR
                            (removal check against rising-edge clock sys_clk_pin  {rise@0.000ns fall@5.000ns period=10.000ns})
  Path Group:             (none)
  Path Type:              Removal (Min at Fast Process Corner)
  Data Path Delay:        1.727ns  (logic 0.210ns (12.129%)  route 1.518ns (87.871%))
  Logic Levels:           1  (IBUF=1)
  Clock Path Skew:        1.979ns (DCD - SCD - CPR)
    Destination Clock Delay (DCD):    1.979ns
    Source Clock Delay      (SCD):    0.000ns
    Clock Pessimism Removal (CPR):    -0.000ns

    Location             Delay type                Incr(ns)  Path(ns)    Netlist Resource(s)
  -------------------------------------------------------------------    -------------------
    U18                                               0.000     0.000 f  reset (IN)
                         net (fo=0)                   0.000     0.000    reset
    U18                  IBUF (Prop_ibuf_I_O)         0.210     0.210 f  reset_IBUF_inst/O
                         net (fo=55, routed)          1.518     1.727    moore/reloj_local/AR[0]
    SLICE_X59Y21         FDCE                                         f  moore/reloj_local/contador_reg[19]/CLR
  -------------------------------------------------------------------    -------------------

                         (clock sys_clk_pin rise edge)
                                                      0.000     0.000 r  
    W5                                                0.000     0.000 r  clk (IN)
                         net (fo=0)                   0.000     0.000    clk
    W5                   IBUF (Prop_ibuf_I_O)         0.414     0.414 r  clk_IBUF_inst/O
                         net (fo=1, routed)           0.685     1.099    clk_IBUF
    BUFGCTRL_X0Y0        BUFG (Prop_bufg_I_O)         0.029     1.128 r  clk_IBUF_BUFG_inst/O
                         net (fo=98, routed)          0.852     1.979    moore/reloj_local/clk_IBUF_BUFG
    SLICE_X59Y21         FDCE                                         r  moore/reloj_local/contador_reg[19]/C





